title,link,en,de,fr,es,nl,ko,ceb,ar,sv,ru,hi,tr,zh,af
The Red Cape,https://en.wikipedia.org/wiki/The_Red_Cape,1,1,1,1,1,1,0,1,1,1,1,1,1,1
Claude Monet,https://en.wikipedia.org/wiki/Claude_Monet,1,0,1,1,1,1,1,1,1,1,0,1,1,1
The Burning of the Houses of Lords and Commons,https://en.wikipedia.org/wiki/The_Burning_of_the_Houses_of_Lords_and_Commons,0,0,1,1,1,1,1,1,1,1,0,1,1,1
J. M. W. Turner,https://en.wikipedia.org/wiki/J._M._W._Turner,1,0,1,1,1,1,1,1,1,1,0,1,0,1
Portrait of Adeline Ravoux,https://en.wikipedia.org/wiki/Portrait_of_Adeline_Ravoux,1,0,1,1,1,1,1,1,1,1,0,1,0,1
Vincent van Gogh,https://en.wikipedia.org/wiki/Vincent_van_Gogh,1,0,1,1,1,1,1,1,1,1,1,1,1,1
The Large Plane Trees,https://en.wikipedia.org/wiki/The_Large_Plane_Trees,1,0,1,1,1,1,1,1,1,1,1,1,1,1
"Annunciation (van Eyck, Washington)","https://en.wikipedia.org/wiki/Annunciation_(van_Eyck,_Washington)",0,0,0,1,0,1,1,1,1,1,1,1,1,1
Jan van Eyck,https://en.wikipedia.org/wiki/Jan_van_Eyck,1,0,1,1,1,1,1,1,1,1,0,1,1,1
Laocoön (El Greco),https://en.wikipedia.org/wiki/Laoco%C3%B6n_(El_Greco),1,0,1,1,1,1,1,1,1,1,0,1,1,1
El Greco,https://en.wikipedia.org/wiki/El_Greco,1,0,1,1,1,1,1,1,0,1,0,1,1,0
Landscape with the Good Samaritan,https://en.wikipedia.org/wiki/Landscape_with_the_Good_Samaritan,1,0,1,1,1,1,1,1,0,1,0,1,1,0
Rembrandt,https://en.wikipedia.org/wiki/Rembrandt,1,0,1,1,1,1,1,1,1,1,1,1,1,1
The Inquisition Tribunal,https://en.wikipedia.org/wiki/The_Inquisition_Tribunal,1,0,1,1,1,1,1,1,1,1,1,1,1,1
Francisco Goya,https://en.wikipedia.org/wiki/Francisco_Goya,1,0,1,0,1,1,1,1,1,1,0,1,1,1
The Maiden (Klimt),https://en.wikipedia.org/wiki/The_Maiden_(Klimt),1,0,1,1,1,1,1,1,1,1,0,1,1,1
Gustav Klimt,https://en.wikipedia.org/wiki/Gustav_Klimt,1,0,1,0,1,1,1,1,1,1,1,1,1,1
"David with the Head of Goliath (Caravaggio, Vienna)","https://en.wikipedia.org/wiki/David_with_the_Head_of_Goliath_(Caravaggio,_Vienna)",1,0,1,1,1,1,1,1,1,1,1,1,1,1
Caravaggio,https://en.wikipedia.org/wiki/Caravaggio,1,0,1,1,1,1,1,1,1,1,1,1,1,1
Self-Portrait at 6th Wedding Anniversary,https://en.wikipedia.org/wiki/Self-Portrait_at_6th_Wedding_Anniversary,1,0,1,1,1,1,1,1,1,1,1,1,1,1
Paula Modersohn-Becker,https://en.wikipedia.org/wiki/Paula_Modersohn-Becker,1,0,1,1,0,1,1,1,1,1,1,0,1,1
Blue Horse I,https://en.wikipedia.org/wiki/Blue_Horse_I,1,1,1,1,0,1,1,1,1,1,1,0,1,1
Franz Marc,https://en.wikipedia.org/wiki/Franz_Marc,1,0,1,1,1,1,1,1,1,1,0,1,0,1
The Architect's Dream,https://en.wikipedia.org/wiki/The_Architect%27s_Dream,1,0,1,1,1,1,1,1,1,1,0,1,0,1
Thomas Cole,https://en.wikipedia.org/wiki/Thomas_Cole,1,0,1,1,0,1,1,1,1,1,0,1,1,1
At the Seashore,https://en.wikipedia.org/wiki/At_the_Seashore,1,0,1,1,0,1,1,1,1,1,0,1,1,1
Anna Bilińska-Bohdanowicz,https://en.wikipedia.org/wiki/Anna_Bili%C5%84ska-Bohdanowicz,1,0,1,1,0,1,1,1,1,1,0,1,1,1
Albert Bettannier,https://en.wikipedia.org/wiki/Albert_Bettannier,0,0,1,1,0,1,1,1,1,1,0,0,1,1
Laughing Cavalier,https://en.wikipedia.org/wiki/Laughing_Cavalier,1,0,1,0,1,1,1,1,1,1,0,0,1,1
Frans Hals,https://en.wikipedia.org/wiki/Frans_Hals,1,0,1,1,1,1,1,1,0,1,0,1,1,1
The Young Sabot Maker,https://en.wikipedia.org/wiki/The_Young_Sabot_Maker,1,0,1,1,1,1,1,1,0,1,0,1,1,1
Henry Ossawa Tanner,https://en.wikipedia.org/wiki/Henry_Ossawa_Tanner,1,0,1,1,1,1,1,1,0,1,0,1,1,1
La Fuensanta,https://en.wikipedia.org/wiki/La_Fuensanta,1,0,1,1,1,1,1,1,0,1,0,1,1,1
Julio Romero de Torres,https://en.wikipedia.org/wiki/Julio_Romero_de_Torres,1,0,1,1,0,1,1,1,0,1,0,1,1,1
Officer and Laughing Girl,https://en.wikipedia.org/wiki/Officer_and_Laughing_Girl,1,1,1,1,1,1,1,1,1,1,0,1,1,1
Johannes Vermeer,https://en.wikipedia.org/wiki/Johannes_Vermeer,1,0,1,1,1,1,1,1,1,1,0,1,1,1
George Washington (Trumbull),https://en.wikipedia.org/wiki/George_Washington_(Trumbull),1,0,1,1,1,1,1,1,1,1,0,1,1,1
John Trumbull,https://en.wikipedia.org/wiki/John_Trumbull,1,0,1,1,1,1,1,1,0,1,0,1,1,1
The Sleeping Gypsy,https://en.wikipedia.org/wiki/The_Sleeping_Gypsy,1,1,1,1,1,1,1,1,1,1,0,1,1,1
Henri Rousseau,https://en.wikipedia.org/wiki/Henri_Rousseau,1,0,1,1,1,1,1,1,1,1,0,1,1,1
A Negress,https://en.wikipedia.org/wiki/A_Negress,1,0,1,1,1,1,1,1,1,1,0,1,1,1
The Interior of the Palm House on the Pfaueninsel Near Potsdam,https://en.wikipedia.org/wiki/The_Interior_of_the_Palm_House_on_the_Pfaueninsel_Near_Potsdam,1,1,1,1,1,1,1,1,1,1,0,1,1,1
Carl Blechen,https://en.wikipedia.org/wiki/Carl_Blechen,0,0,1,0,0,1,1,1,0,1,0,1,1,1
Street Musicians at the Door,https://en.wikipedia.org/wiki/Street_Musicians_at_the_Door,0,0,1,0,0,1,1,1,0,1,0,1,1,1
Jacob Ochtervelt,https://en.wikipedia.org/wiki/Jacob_Ochtervelt,0,0,1,0,0,1,1,1,0,1,0,1,1,1
User:TSP,https://en.wikipedia.org/wiki/User:TSP,0,0,1,0,0,1,1,1,0,1,0,1,1,1
Hope II,https://en.wikipedia.org/wiki/Hope_II,0,0,1,0,0,1,1,1,0,1,0,1,1,1
Portrait of Wally,https://en.wikipedia.org/wiki/Portrait_of_Wally,1,0,1,0,0,1,1,1,0,1,0,1,1,1
Egon Schiele,https://en.wikipedia.org/wiki/Egon_Schiele,1,0,1,1,0,1,1,1,1,1,0,1,1,1
Devi Mahatmya,https://en.wikipedia.org/wiki/Devi_Mahatmya,0,0,1,1,0,1,1,1,1,1,0,1,0,1
Three Brothers (jewel),https://en.wikipedia.org/wiki/Three_Brothers_(jewel),1,0,1,1,0,1,1,1,1,1,0,1,0,1
User:Arcaist,https://en.wikipedia.org/wiki/User:Arcaist,1,0,1,1,0,1,1,1,1,1,0,1,0,1
The Skating Minister,https://en.wikipedia.org/wiki/The_Skating_Minister,1,1,1,1,0,1,1,1,1,1,0,1,1,1
Henry Raeburn,https://en.wikipedia.org/wiki/Henry_Raeburn,1,0,1,1,0,1,1,1,0,1,0,1,1,1
Saint Anne (wall painting),https://en.wikipedia.org/wiki/Saint_Anne_(wall_painting),1,0,1,1,0,1,1,1,0,1,0,1,1,1
"Le Boulevard de Montmartre, Matinée de Printemps","https://en.wikipedia.org/wiki/Le_Boulevard_de_Montmartre,_Matin%C3%A9e_de_Printemps",1,0,1,1,0,1,1,1,0,1,0,1,1,1
Camille Pissarro,https://en.wikipedia.org/wiki/Camille_Pissarro,1,0,1,1,1,1,1,1,1,1,0,1,1,1
Stańczyk (painting),https://en.wikipedia.org/wiki/Sta%C5%84czyk_(painting),1,0,1,1,1,1,1,1,1,1,0,1,1,1
Jan Matejko,https://en.wikipedia.org/wiki/Jan_Matejko,1,0,1,1,1,0,1,1,0,1,0,1,1,1
Jewess with Oranges,https://en.wikipedia.org/wiki/Jewess_with_Oranges,1,0,1,1,1,0,1,1,0,1,0,1,1,1
Aleksander Gierymski,https://en.wikipedia.org/wiki/Aleksander_Gierymski,1,0,1,1,1,0,1,1,0,1,0,1,1,1
The Goldfinch (painting),https://en.wikipedia.org/wiki/The_Goldfinch_(painting),1,1,1,1,1,1,1,1,0,1,0,1,1,1
Carel Fabritius,https://en.wikipedia.org/wiki/Carel_Fabritius,1,0,1,1,1,1,1,1,0,1,0,1,1,1
Christ's Entry Into Brussels in 1889,https://en.wikipedia.org/wiki/Christ%27s_Entry_Into_Brussels_in_1889,1,0,1,1,1,1,1,1,0,1,0,1,1,1
James Ensor,https://en.wikipedia.org/wiki/James_Ensor,1,0,1,1,1,1,1,1,1,1,0,1,1,1
Midvinterblot,https://en.wikipedia.org/wiki/Midvinterblot,1,1,1,1,1,1,1,1,1,1,0,1,1,1
Carl Larsson,https://en.wikipedia.org/wiki/Carl_Larsson,1,0,1,1,0,0,1,1,1,1,0,1,1,1
User:W.carter,https://en.wikipedia.org/wiki/User:W.carter,0,0,1,1,0,0,1,1,1,1,0,1,1,1
Royal Danish Academy of Sciences and Letters,https://en.wikipedia.org/wiki/Royal_Danish_Academy_of_Sciences_and_Letters,1,1,1,0,0,0,1,1,0,1,0,1,0,1
Peder Severin Krøyer,https://en.wikipedia.org/wiki/Peder_Severin_Kr%C3%B8yer,1,0,1,1,0,0,1,1,1,1,0,1,0,1
Equestrian Portrait of Cornelis and Michiel Pompe van Meerdervoort with Their Tutor and Coachman,https://en.wikipedia.org/wiki/Equestrian_Portrait_of_Cornelis_and_Michiel_Pompe_van_Meerdervoort_with_Their_Tutor_and_Coachman,1,0,1,1,0,0,1,1,1,1,0,1,0,1
Aelbert Cuyp,https://en.wikipedia.org/wiki/Aelbert_Cuyp,1,0,1,1,1,0,1,1,0,1,0,1,0,1
House in Provence,https://en.wikipedia.org/wiki/House_in_Provence,1,0,1,1,1,0,1,1,0,1,0,1,0,1
Paul Cézanne,https://en.wikipedia.org/wiki/Paul_C%C3%A9zanne,1,0,1,1,1,1,1,1,1,1,0,1,1,1
Eunice Pinney,https://en.wikipedia.org/wiki/Eunice_Pinney,0,0,1,1,1,1,1,1,1,1,0,1,1,1
The Bathers (Cézanne),https://en.wikipedia.org/wiki/The_Bathers_(C%C3%A9zanne),1,0,1,1,0,1,1,1,1,1,0,1,1,1
"Golden Summer, Eaglemont","https://en.wikipedia.org/wiki/Golden_Summer,_Eaglemont",1,0,1,1,0,1,1,1,1,1,0,1,1,1
Arthur Streeton,https://en.wikipedia.org/wiki/Arthur_Streeton,1,0,1,1,0,1,1,1,1,1,0,1,1,1
August Friedrich Schenck,https://en.wikipedia.org/wiki/August_Friedrich_Schenck,1,0,1,1,0,1,1,1,1,1,0,1,1,1
Bridal Procession on the Hardangerfjord,https://en.wikipedia.org/wiki/Bridal_Procession_on_the_Hardangerfjord,1,1,1,1,1,1,1,1,0,1,0,1,1,1
Hans Gude,https://en.wikipedia.org/wiki/Hans_Gude,1,0,1,0,1,1,1,1,0,1,0,1,1,1
Adolph Tidemand,https://en.wikipedia.org/wiki/Adolph_Tidemand,1,0,1,0,1,1,1,1,0,1,0,1,1,1
A Philosopher Lecturing on the Orrery,https://en.wikipedia.org/wiki/A_Philosopher_Lecturing_on_the_Orrery,1,0,1,1,1,1,1,1,1,1,0,1,1,1
Joseph Wright of Derby,https://en.wikipedia.org/wiki/Joseph_Wright_of_Derby,1,0,1,1,0,1,1,1,0,1,0,1,1,1
Vincent van Gogh (Russell painting),https://en.wikipedia.org/wiki/Vincent_van_Gogh_(Russell_painting),1,0,1,1,0,1,1,1,0,1,0,1,1,1
John Russell (Australian painter),https://en.wikipedia.org/wiki/John_Russell_(Australian_painter),1,0,1,1,0,1,1,1,0,1,0,1,1,1
Lucca Madonna,https://en.wikipedia.org/wiki/Lucca_Madonna,0,1,1,0,1,1,1,1,0,1,0,1,1,1
Catharina Questiers,https://en.wikipedia.org/wiki/Catharina_Questiers,0,1,1,0,0,1,1,1,0,1,0,1,1,1
Adriaen van Ostade,https://en.wikipedia.org/wiki/Adriaen_van_Ostade,0,0,1,1,1,0,1,1,0,1,0,1,1,1
The Child's Bath,https://en.wikipedia.org/wiki/The_Child%27s_Bath,1,0,1,1,1,0,1,1,1,1,0,1,1,1
Mary Cassatt,https://en.wikipedia.org/wiki/Mary_Cassatt,1,0,1,1,0,1,1,1,1,1,1,1,1,1
Emily Carr,https://en.wikipedia.org/wiki/Emily_Carr,1,0,1,1,0,1,1,1,1,1,1,1,1,1
"Still Life with Cheeses, Almonds and Pretzels","https://en.wikipedia.org/wiki/Still_Life_with_Cheeses,_Almonds_and_Pretzels",1,0,1,1,1,1,1,1,1,1,1,1,1,1
Clara Peeters,https://en.wikipedia.org/wiki/Clara_Peeters,0,0,1,1,1,1,1,1,1,1,1,1,1,1
The Immaculate Conception (Tiepolo),https://en.wikipedia.org/wiki/The_Immaculate_Conception_(Tiepolo),1,0,1,1,1,1,1,1,1,1,1,1,1,1
Giovanni Battista Tiepolo,https://en.wikipedia.org/wiki/Giovanni_Battista_Tiepolo,1,0,1,1,0,1,1,1,0,1,1,1,0,1
The Storm on the Sea of Galilee,https://en.wikipedia.org/wiki/The_Storm_on_the_Sea_of_Galilee,1,0,1,1,1,1,1,1,1,1,1,1,1,1
Vision of St. John on Patmos,https://en.wikipedia.org/wiki/Vision_of_St._John_on_Patmos,1,0,1,1,1,1,1,1,1,1,1,1,1,1
Antonio da Correggio,https://en.wikipedia.org/wiki/Antonio_da_Correggio,1,0,1,1,1,1,1,1,1,1,1,1,1,1
Lansdowne portrait of George Washington,https://en.wikipedia.org/wiki/Lansdowne_portrait_of_George_Washington,1,1,1,1,1,1,1,1,1,1,1,1,1,1
Gilbert Stuart,https://en.wikipedia.org/wiki/Gilbert_Stuart,1,0,1,1,1,0,1,1,0,1,1,1,1,1
The Accolade (Leighton),https://en.wikipedia.org/wiki/The_Accolade_(Leighton),1,0,1,1,0,0,1,1,1,1,1,1,1,1
Edmund Leighton,https://en.wikipedia.org/wiki/Edmund_Leighton,1,0,1,1,0,0,1,1,1,1,1,1,1,1
Charles IV of Spain and His Family,https://en.wikipedia.org/wiki/Charles_IV_of_Spain_and_His_Family,1,1,1,1,0,1,1,1,1,1,1,1,1,1
"Self-Portrait (Dürer, Madrid)","https://en.wikipedia.org/wiki/Self-Portrait_(D%C3%BCrer,_Madrid)",1,1,1,1,0,1,1,1,1,1,1,1,1,1
Albrecht Dürer,https://en.wikipedia.org/wiki/Albrecht_D%C3%BCrer,1,0,1,1,1,1,1,1,1,1,0,0,1,1
Equestrian Portrait of Charles V,https://en.wikipedia.org/wiki/Equestrian_Portrait_of_Charles_V,1,1,1,1,1,1,1,1,1,1,0,0,1,1
Titian,https://en.wikipedia.org/wiki/Titian,1,0,1,1,1,1,1,1,1,1,0,1,1,1
Brøndums Hotel,https://en.wikipedia.org/wiki/Br%C3%B8ndums_Hotel,1,1,1,1,1,1,1,1,0,1,0,1,1,1
Anna Palm de Rosa,https://en.wikipedia.org/wiki/Anna_Palm_de_Rosa,0,0,1,1,0,1,1,1,1,1,0,1,1,1
Portrait of a Cardinal (Raphael),https://en.wikipedia.org/wiki/Portrait_of_a_Cardinal_(Raphael),1,0,1,1,0,1,1,1,1,1,0,1,1,1
Raphael,https://en.wikipedia.org/wiki/Raphael,1,0,1,1,1,1,1,1,1,1,0,1,1,1
Portrait of Cardinal Niccolò Albergati,https://en.wikipedia.org/wiki/Portrait_of_Cardinal_Niccol%C3%B2_Albergati,1,0,1,1,1,1,1,1,1,1,0,1,1,1
"Venus and Adonis (Veronese, Madrid)","https://en.wikipedia.org/wiki/Venus_and_Adonis_(Veronese,_Madrid)",1,0,1,1,1,1,1,1,1,1,0,1,1,1
Paolo Veronese,https://en.wikipedia.org/wiki/Paolo_Veronese,1,0,1,1,0,1,1,1,0,1,0,1,1,1
Tobias and the Angel (Filippino Lippi),https://en.wikipedia.org/wiki/Tobias_and_the_Angel_(Filippino_Lippi),1,0,1,1,0,1,1,1,0,1,0,1,1,1
Filippino Lippi,https://en.wikipedia.org/wiki/Filippino_Lippi,1,0,1,1,1,1,1,1,1,1,0,1,0,1
The Crucifixion of St Julia,https://en.wikipedia.org/wiki/The_Crucifixion_of_St_Julia,1,0,1,1,1,1,1,1,1,1,0,1,0,1
Hieronymus Bosch,https://en.wikipedia.org/wiki/Hieronymus_Bosch,1,0,1,0,1,1,1,1,1,1,0,1,1,1
Les Grandes Baigneuses (Renoir),https://en.wikipedia.org/wiki/Les_Grandes_Baigneuses_(Renoir),1,0,1,1,1,1,1,1,1,1,0,1,1,1
Pierre-Auguste Renoir,https://en.wikipedia.org/wiki/Pierre-Auguste_Renoir,1,0,1,1,1,1,1,1,1,1,0,1,1,1
View from Stalheim,https://en.wikipedia.org/wiki/View_from_Stalheim,1,0,1,1,1,1,1,1,1,1,0,1,1,1
Johan Christian Dahl,https://en.wikipedia.org/wiki/Johan_Christian_Dahl,1,0,1,1,1,1,1,1,1,1,0,1,1,1
The Fiancée of Belus,https://en.wikipedia.org/wiki/The_Fianc%C3%A9e_of_Belus,1,0,1,1,1,1,1,1,1,1,0,1,1,1
Henri-Paul Motte,https://en.wikipedia.org/wiki/Henri-Paul_Motte,0,0,1,1,1,1,1,1,1,1,0,0,1,1
Charles Marion Russell,https://en.wikipedia.org/wiki/Charles_Marion_Russell,1,0,1,1,1,1,1,1,0,1,0,0,1,1
"Among the Sierra Nevada, California","https://en.wikipedia.org/wiki/Among_the_Sierra_Nevada,_California",1,0,1,1,1,1,1,1,0,1,0,0,0,1
Albert Bierstadt,https://en.wikipedia.org/wiki/Albert_Bierstadt,1,0,1,1,1,1,1,1,1,1,0,1,1,1
The Vision of the Blessed Hermann Joseph,https://en.wikipedia.org/wiki/The_Vision_of_the_Blessed_Hermann_Joseph,0,0,1,1,1,1,1,1,1,1,0,1,1,1
Anthony van Dyck,https://en.wikipedia.org/wiki/Anthony_van_Dyck,1,0,1,1,1,1,1,1,1,1,0,1,1,1
Gerard van Honthorst,https://en.wikipedia.org/wiki/Gerard_van_Honthorst,1,0,1,1,1,1,1,1,1,1,0,1,1,1
Landscape near Arles,https://en.wikipedia.org/wiki/Landscape_near_Arles,1,0,1,1,1,1,1,1,1,1,0,1,1,1
Paul Gauguin,https://en.wikipedia.org/wiki/Paul_Gauguin,1,0,1,1,1,1,1,1,1,1,0,1,1,1
Arii Matamoe,https://en.wikipedia.org/wiki/Arii_Matamoe,1,0,1,1,1,1,1,1,1,1,0,1,1,1
Martin van Meytens,https://en.wikipedia.org/wiki/Martin_van_Meytens,1,0,1,0,1,1,1,1,1,1,0,1,1,1
Madonna del cardellino,https://en.wikipedia.org/wiki/Madonna_del_cardellino,1,1,1,1,1,1,1,1,1,1,0,1,1,1
Portrait of Chaliapin,https://en.wikipedia.org/wiki/Portrait_of_Chaliapin,0,1,1,1,1,1,1,1,1,1,0,1,1,1
Boris Kustodiev,https://en.wikipedia.org/wiki/Boris_Kustodiev,0,0,1,1,0,1,1,1,0,1,0,1,1,1
A Meat Stall with the Holy Family Giving Alms,https://en.wikipedia.org/wiki/A_Meat_Stall_with_the_Holy_Family_Giving_Alms,1,0,1,1,0,1,1,1,0,1,0,1,1,1
Pieter Aertsen,https://en.wikipedia.org/wiki/Pieter_Aertsen,0,0,1,0,1,1,1,1,0,1,0,0,1,1
Melun Diptych,https://en.wikipedia.org/wiki/Melun_Diptych,0,0,1,1,0,1,1,1,0,1,0,0,1,1
Jean Fouquet,https://en.wikipedia.org/wiki/Jean_Fouquet,0,0,1,1,0,0,1,1,1,1,0,1,1,1
My Wife's Lovers,https://en.wikipedia.org/wiki/My_Wife%27s_Lovers,1,0,1,1,0,0,1,1,1,1,0,1,1,1
The Tortoise Trainer,https://en.wikipedia.org/wiki/The_Tortoise_Trainer,1,1,1,0,0,0,1,1,1,1,0,1,1,1
Osman Hamdi Bey,https://en.wikipedia.org/wiki/Osman_Hamdi_Bey,1,0,1,1,0,0,1,1,0,1,0,1,0,1
The Origin of the Milky Way (Rubens),https://en.wikipedia.org/wiki/The_Origin_of_the_Milky_Way_(Rubens),1,0,1,1,0,0,1,1,0,1,0,1,0,1
Peter Paul Rubens,https://en.wikipedia.org/wiki/Peter_Paul_Rubens,1,0,1,1,1,1,1,1,1,1,0,1,1,1
St. Jerome in His Study (Antonello da Messina),https://en.wikipedia.org/wiki/St._Jerome_in_His_Study_(Antonello_da_Messina),1,1,1,1,0,1,1,1,1,1,0,1,1,1
Antonello da Messina,https://en.wikipedia.org/wiki/Antonello_da_Messina,1,0,1,0,0,1,1,1,0,1,0,0,1,1
Venus with a Mirror,https://en.wikipedia.org/wiki/Venus_with_a_Mirror,1,1,1,1,0,1,1,1,0,1,0,0,1,1
A Boyar Wedding Feast,https://en.wikipedia.org/wiki/A_Boyar_Wedding_Feast,1,1,1,1,0,1,1,1,0,1,0,0,1,1
Konstantin Makovsky,https://en.wikipedia.org/wiki/Konstantin_Makovsky,1,0,1,1,0,1,1,1,0,1,0,1,1,1
The Stonemason's Yard,https://en.wikipedia.org/wiki/The_Stonemason%27s_Yard,1,0,1,1,0,1,1,1,0,1,0,1,1,1
Canaletto,https://en.wikipedia.org/wiki/Canaletto,1,0,1,1,0,1,1,1,0,1,0,1,1,1
Bucentaur,https://en.wikipedia.org/wiki/Bucentaur,0,0,0,0,0,1,1,0,0,0,0,1,1,1
Bonaparte Crossing the Alps,https://en.wikipedia.org/wiki/Bonaparte_Crossing_the_Alps,1,0,1,1,0,1,1,0,0,1,0,1,1,1
Paul Delaroche,https://en.wikipedia.org/wiki/Paul_Delaroche,1,0,1,0,1,1,1,1,0,1,0,1,1,1
The Lovers (Abbasi),https://en.wikipedia.org/wiki/The_Lovers_(Abbasi),1,0,1,0,1,1,1,1,0,1,0,1,1,1
Reza Abbasi,https://en.wikipedia.org/wiki/Reza_Abbasi,1,0,1,0,0,1,1,1,1,1,0,0,1,1
Allegory of Prudence,https://en.wikipedia.org/wiki/Allegory_of_Prudence,1,0,1,1,0,1,1,1,1,1,0,1,1,1
Reginald Gray (artist),https://en.wikipedia.org/wiki/Reginald_Gray_(artist),1,0,1,1,0,1,1,1,1,1,0,1,1,1
John the Baptist (Caravaggio),https://en.wikipedia.org/wiki/John_the_Baptist_(Caravaggio),1,0,1,0,0,1,1,1,1,1,0,1,1,1
Portrait of the Duke of Wellington,https://en.wikipedia.org/wiki/Portrait_of_the_Duke_of_Wellington,1,0,1,0,0,1,1,1,1,1,0,1,1,1
User:Hohum,https://en.wikipedia.org/wiki/User:Hohum,0,0,1,0,0,1,1,1,1,1,0,1,1,1
Hunter's Home,https://en.wikipedia.org/wiki/Hunter%27s_Home,1,0,1,0,0,1,1,1,1,1,0,1,1,1
nl:Henry Voordecker,https://en.wikipedia.orghttps://nl.wikipedia.org/wiki/Henry_Voordecker,-1,0,1,0,0,1,1,1,1,1,0,1,1,1
Head of Christ (Correggio),https://en.wikipedia.org/wiki/Head_of_Christ_(Correggio),1,0,1,0,0,1,1,1,1,1,0,1,1,1
Portrait of Dürer's Father at 70,https://en.wikipedia.org/wiki/Portrait_of_D%C3%BCrer%27s_Father_at_70,0,0,1,0,0,1,1,1,1,1,0,1,1,1
"Portrait of a Man (Antonello da Messina, London)","https://en.wikipedia.org/wiki/Portrait_of_a_Man_(Antonello_da_Messina,_London)",1,0,1,1,0,1,1,1,1,1,0,1,1,1
Belshazzar's Feast (Rembrandt),https://en.wikipedia.org/wiki/Belshazzar%27s_Feast_(Rembrandt),1,1,1,1,1,1,1,1,1,1,0,1,0,1
Portrait of Madame Moitessier,https://en.wikipedia.org/wiki/Portrait_of_Madame_Moitessier,1,1,1,1,1,1,1,1,1,1,0,1,0,1
Jean-Auguste-Dominique Ingres,https://en.wikipedia.org/wiki/Jean-Auguste-Dominique_Ingres,1,0,1,1,0,1,1,1,0,1,0,1,1,1
View of Delft,https://en.wikipedia.org/wiki/View_of_Delft,1,1,1,1,1,1,1,1,1,1,0,1,1,1
Catherine Brass Yates,https://en.wikipedia.org/wiki/Catherine_Brass_Yates,1,1,1,1,1,1,1,1,1,1,0,1,1,1
The Punishment of Lust,https://en.wikipedia.org/wiki/The_Punishment_of_Lust,1,1,1,1,1,1,1,1,1,1,0,1,1,1
Giovanni Segantini,https://en.wikipedia.org/wiki/Giovanni_Segantini,1,0,1,1,1,1,1,1,0,1,0,1,1,1
Arrival of the Hungarians,https://en.wikipedia.org/wiki/Arrival_of_the_Hungarians,1,0,1,1,1,1,1,1,1,1,0,1,1,1
Árpád Feszty,https://en.wikipedia.org/wiki/%C3%81rp%C3%A1d_Feszty,0,0,1,1,1,1,1,1,1,1,0,1,1,1
User:Qorilla,https://en.wikipedia.org/wiki/User:Qorilla,0,0,1,1,1,1,1,1,1,1,0,1,1,1
The Courtyard of a House in Delft,https://en.wikipedia.org/wiki/The_Courtyard_of_a_House_in_Delft,1,0,1,1,1,1,1,1,1,1,0,1,1,1
Pieter de Hooch,https://en.wikipedia.org/wiki/Pieter_de_Hooch,1,0,1,0,1,1,1,1,0,1,0,1,0,1
Anna Petersen,https://en.wikipedia.org/wiki/Anna_Petersen,1,0,1,0,1,1,1,1,1,0,0,1,0,1
Young Man with a Skull,https://en.wikipedia.org/wiki/Young_Man_with_a_Skull,1,0,1,1,1,1,1,1,1,0,0,1,0,1
Francesca da Rimini and Paolo Malatesta Appraised by Dante and Virgil,https://en.wikipedia.org/wiki/Francesca_da_Rimini_and_Paolo_Malatesta_Appraised_by_Dante_and_Virgil,1,0,1,1,1,1,1,1,1,0,0,1,0,1
Ary Scheffer,https://en.wikipedia.org/wiki/Ary_Scheffer,1,0,1,0,1,1,1,1,0,1,0,1,0,1
Portrait of Marchesa Brigida Spinola-Doria,https://en.wikipedia.org/wiki/Portrait_of_Marchesa_Brigida_Spinola-Doria,0,0,1,1,1,1,1,1,0,1,0,1,0,1
Boy Bitten by a Lizard,https://en.wikipedia.org/wiki/Boy_Bitten_by_a_Lizard,1,0,1,1,0,1,1,1,0,1,0,1,0,1
The Entombment (Michelangelo),https://en.wikipedia.org/wiki/The_Entombment_(Michelangelo),1,1,1,1,1,1,1,1,0,1,0,1,1,1
Michelangelo,https://en.wikipedia.org/wiki/Michelangelo,1,0,1,1,1,1,1,1,1,1,0,1,1,1
Paul Signac,https://en.wikipedia.org/wiki/Paul_Signac,1,0,1,1,1,1,1,1,0,1,0,1,1,1
The Course of Empire (paintings),https://en.wikipedia.org/wiki/The_Course_of_Empire_(paintings),0,1,1,1,1,1,1,0,0,0,0,0,1,1
Christ Crucified (Goya),https://en.wikipedia.org/wiki/Christ_Crucified_(Goya),1,1,1,1,1,1,1,0,0,0,0,0,1,1
"I Am Half-Sick of Shadows, Said the Lady of Shalott","https://en.wikipedia.org/wiki/I_Am_Half-Sick_of_Shadows,_Said_the_Lady_of_Shalott",1,1,1,1,1,1,1,0,0,0,0,0,1,1
John William Waterhouse,https://en.wikipedia.org/wiki/John_William_Waterhouse,1,0,1,1,0,1,1,1,1,1,0,1,1,1
Robert Bateman (artist),https://en.wikipedia.org/wiki/Robert_Bateman_(artist),0,0,1,1,0,1,1,1,1,0,0,1,1,1
Elisabeth Jerichau-Baumann,https://en.wikipedia.org/wiki/Elisabeth_Jerichau-Baumann,1,0,1,1,0,1,1,1,1,1,0,1,1,1
Adoration of the Magi (Fra Angelico and Filippo Lippi),https://en.wikipedia.org/wiki/Adoration_of_the_Magi_(Fra_Angelico_and_Filippo_Lippi),0,0,1,1,0,1,1,1,1,1,0,1,1,1
Fra Angelico,https://en.wikipedia.org/wiki/Fra_Angelico,1,0,1,1,1,1,1,1,1,1,0,1,1,1
Filippo Lippi,https://en.wikipedia.org/wiki/Filippo_Lippi,1,0,1,0,1,1,1,1,1,1,0,1,1,1
User:Coldcreation,https://en.wikipedia.org/wiki/User:Coldcreation,0,0,1,0,1,1,1,1,1,1,0,1,1,1
Gerard Seghers,https://en.wikipedia.org/wiki/Gerard_Seghers,0,0,1,0,1,1,1,1,0,1,0,1,1,1
The Four Continents,https://en.wikipedia.org/wiki/The_Four_Continents,1,0,1,0,1,1,1,1,0,1,0,1,1,1
Annunciation (Memling),https://en.wikipedia.org/wiki/Annunciation_(Memling),0,1,1,0,1,1,1,1,0,1,0,1,1,1
Hans Memling,https://en.wikipedia.org/wiki/Hans_Memling,0,0,1,0,1,1,1,1,0,1,0,1,0,1
Harvesters (Ancher),https://en.wikipedia.org/wiki/Harvesters_(Ancher),0,0,1,0,1,1,1,1,0,1,0,1,0,1
Anna Ancher,https://en.wikipedia.org/wiki/Anna_Ancher,1,0,1,1,0,0,1,1,1,1,0,1,0,1
Portrait of Antoine-Laurent Lavoisier and his Wife,https://en.wikipedia.org/wiki/Portrait_of_Antoine-Laurent_Lavoisier_and_his_Wife,1,0,1,1,0,1,1,1,1,1,0,1,1,1
Jacques-Louis David,https://en.wikipedia.org/wiki/Jacques-Louis_David,1,0,1,1,1,1,1,1,1,1,0,1,1,1
Spring Scattering Stars,https://en.wikipedia.org/wiki/Spring_Scattering_Stars,1,0,1,1,1,1,1,1,1,1,0,1,1,1
Edwin Blashfield,https://en.wikipedia.org/wiki/Edwin_Blashfield,1,0,1,1,1,1,1,1,1,1,0,1,1,1
The Travelling Companions,https://en.wikipedia.org/wiki/The_Travelling_Companions,0,0,1,1,1,1,1,1,1,1,0,1,1,1
Augustus Egg,https://en.wikipedia.org/wiki/Augustus_Egg,1,0,1,0,1,1,1,1,0,1,0,0,1,1
Self-Portrait with Halo and Snake,https://en.wikipedia.org/wiki/Self-Portrait_with_Halo_and_Snake,1,0,1,0,1,1,1,1,0,1,0,0,1,1
The Rape of the Daughters of Leucippus,https://en.wikipedia.org/wiki/The_Rape_of_the_Daughters_of_Leucippus,1,1,1,1,1,1,1,1,0,1,0,0,1,1
Madonna (Munch painting),https://en.wikipedia.org/wiki/Madonna_(Munch_painting),0,1,1,1,1,1,1,0,0,1,0,0,0,1
Edvard Munch,https://en.wikipedia.org/wiki/Edvard_Munch,1,0,1,1,1,1,1,1,1,1,0,1,1,1
The Lute Player (Orazio Gentileschi),https://en.wikipedia.org/wiki/The_Lute_Player_(Orazio_Gentileschi),1,0,1,1,1,1,1,1,1,1,0,1,1,1
Orazio Gentileschi,https://en.wikipedia.org/wiki/Orazio_Gentileschi,0,0,1,1,0,1,1,1,0,1,0,0,0,1
Woman with a Parasol - Madame Monet and Her Son,https://en.wikipedia.org/wiki/Woman_with_a_Parasol_-_Madame_Monet_and_Her_Son,1,0,1,1,0,1,1,1,1,1,0,1,0,1
Dancer in a Café,https://en.wikipedia.org/wiki/Dancer_in_a_Caf%C3%A9,1,0,1,1,0,1,1,1,1,1,0,1,0,1
Jean Metzinger,https://en.wikipedia.org/wiki/Jean_Metzinger,1,0,1,0,1,1,1,1,0,1,0,0,1,1
Shearing the Rams,https://en.wikipedia.org/wiki/Shearing_the_Rams,1,0,1,0,1,1,1,1,0,1,0,0,1,1
Tom Roberts,https://en.wikipedia.org/wiki/Tom_Roberts,1,0,1,0,0,1,1,1,1,1,0,1,1,1
The Kiss (Munch painting),https://en.wikipedia.org/wiki/The_Kiss_(Munch_painting),1,1,1,1,0,1,1,1,1,1,0,1,1,1
Mound of Butter,https://en.wikipedia.org/wiki/Mound_of_Butter,1,1,1,1,0,1,1,1,1,1,0,1,1,1
Antoine Vollon,https://en.wikipedia.org/wiki/Antoine_Vollon,1,0,1,1,0,1,1,1,0,1,0,1,1,1
Old Woman Frying Eggs,https://en.wikipedia.org/wiki/Old_Woman_Frying_Eggs,1,0,1,1,0,1,1,1,0,1,0,1,1,1
Diego Velázquez,https://en.wikipedia.org/wiki/Diego_Vel%C3%A1zquez,1,0,1,0,1,0,1,1,1,1,0,1,1,1
Interior with Young Woman Seen from the Back,https://en.wikipedia.org/wiki/Interior_with_Young_Woman_Seen_from_the_Back,0,0,1,0,1,0,1,1,1,1,0,1,1,1
Vilhelm Hammershøi,https://en.wikipedia.org/wiki/Vilhelm_Hammersh%C3%B8i,0,0,1,0,0,0,1,1,0,1,0,1,1,1
Proclamation of the Republic (Brazil),https://en.wikipedia.org/wiki/Proclamation_of_the_Republic_(Brazil),1,0,0,0,0,0,1,1,1,0,0,1,1,1
Benedito Calixto,https://en.wikipedia.org/wiki/Benedito_Calixto,1,0,1,1,0,0,1,1,1,1,0,1,1,1
"The Annunciation, with Saint Emidius","https://en.wikipedia.org/wiki/The_Annunciation,_with_Saint_Emidius",1,0,1,0,0,0,1,1,1,1,0,1,1,1
Carlo Crivelli,https://en.wikipedia.org/wiki/Carlo_Crivelli,1,0,1,1,0,0,1,1,0,1,0,0,1,1
Madonna of the Rose Garden,https://en.wikipedia.org/wiki/Madonna_of_the_Rose_Garden,1,0,1,1,0,0,1,1,0,1,0,0,1,1
When Will You Marry?,https://en.wikipedia.org/wiki/When_Will_You_Marry%3F,1,0,1,1,1,0,1,1,1,1,0,0,1,1
Adoration of the Magi (Gentile da Fabriano),https://en.wikipedia.org/wiki/Adoration_of_the_Magi_(Gentile_da_Fabriano),1,0,1,1,1,0,1,1,1,1,0,1,1,1
Gentile da Fabriano,https://en.wikipedia.org/wiki/Gentile_da_Fabriano,1,0,1,1,0,0,1,1,0,1,0,1,1,1
Christ Falling on the Way to Calvary,https://en.wikipedia.org/wiki/Christ_Falling_on_the_Way_to_Calvary,1,1,1,1,1,0,1,1,0,1,0,1,1,1
Ruby Loftus Screwing a Breech-ring,https://en.wikipedia.org/wiki/Ruby_Loftus_Screwing_a_Breech-ring,1,1,1,1,1,0,1,1,0,1,0,1,0,1
Laura Knight,https://en.wikipedia.org/wiki/Laura_Knight,1,0,1,1,0,1,1,1,0,1,0,1,0,1
The Three Musicians (painting),https://en.wikipedia.org/wiki/The_Three_Musicians_(painting),1,0,1,1,0,1,1,1,0,1,0,1,0,1
Manuel Osorio Manrique de Zúñiga,https://en.wikipedia.org/wiki/Manuel_Osorio_Manrique_de_Z%C3%BA%C3%B1iga,1,0,1,1,0,1,1,1,0,1,0,1,0,1
Girl in White,https://en.wikipedia.org/wiki/Girl_in_White,1,0,1,1,0,1,1,1,0,1,0,1,0,1
Alba Madonna,https://en.wikipedia.org/wiki/Alba_Madonna,1,0,1,1,0,1,1,1,0,1,0,1,0,1
Portrait of a Man with a Blue Chaperon,https://en.wikipedia.org/wiki/Portrait_of_a_Man_with_a_Blue_Chaperon,1,0,1,1,0,1,1,1,0,1,0,1,0,1
The Day Dream (painting),https://en.wikipedia.org/wiki/The_Day_Dream_(painting),1,0,1,1,0,1,1,1,1,1,0,1,0,1
Dante Gabriel Rossetti,https://en.wikipedia.org/wiki/Dante_Gabriel_Rossetti,1,0,1,1,0,1,1,1,1,1,0,1,1,1
Portrait of Count Stanislas Potocki,https://en.wikipedia.org/wiki/Portrait_of_Count_Stanislas_Potocki,1,0,1,1,0,1,1,1,1,1,0,1,1,1
Farmhouse in Provence,https://en.wikipedia.org/wiki/Farmhouse_in_Provence,1,0,1,1,1,1,1,1,1,1,0,1,1,1
"After the Bath, Woman Drying Herself","https://en.wikipedia.org/wiki/After_the_Bath,_Woman_Drying_Herself",0,0,1,1,1,1,1,1,1,1,0,1,1,1
Edgar Degas,https://en.wikipedia.org/wiki/Edgar_Degas,1,0,1,1,1,1,1,1,1,1,0,1,1,0
Plum Brandy,https://en.wikipedia.org/wiki/Plum_Brandy,1,1,1,1,1,1,1,1,1,1,0,1,1,0
Édouard Manet,https://en.wikipedia.org/wiki/%C3%89douard_Manet,1,0,1,1,1,1,1,1,1,1,0,1,1,1
Salting Madonna,https://en.wikipedia.org/wiki/Salting_Madonna,1,0,1,1,1,1,1,1,1,1,0,1,1,1
"The Entombment (Titian, 1559)","https://en.wikipedia.org/wiki/The_Entombment_(Titian,_1559)",1,0,1,1,1,1,1,1,1,1,0,1,1,1
The Trinity and Mystic Pietà,https://en.wikipedia.org/wiki/The_Trinity_and_Mystic_Piet%C3%A0,1,0,1,1,1,1,1,1,1,1,0,1,1,1
Hans Baldung,https://en.wikipedia.org/wiki/Hans_Baldung,1,0,1,0,0,1,1,1,0,1,0,1,1,1
Perseus and Andromeda (Leighton),https://en.wikipedia.org/wiki/Perseus_and_Andromeda_(Leighton),1,0,1,1,0,1,1,1,0,1,0,1,1,1
Frederic Leighton,https://en.wikipedia.org/wiki/Frederic_Leighton,1,0,1,1,0,0,1,1,0,1,0,1,1,1
Dutch Ships in a Calm Sea,https://en.wikipedia.org/wiki/Dutch_Ships_in_a_Calm_Sea,1,0,1,1,0,0,1,1,0,1,0,1,1,1
Willem van de Velde the Younger,https://en.wikipedia.org/wiki/Willem_van_de_Velde_the_Younger,1,0,1,0,0,0,1,1,0,1,0,1,1,1
Gabrielle Cot,https://en.wikipedia.org/wiki/Gabrielle_Cot,1,0,1,1,0,0,1,1,0,1,0,1,1,1
William-Adolphe Bouguereau,https://en.wikipedia.org/wiki/William-Adolphe_Bouguereau,1,0,1,1,1,1,1,1,1,1,0,1,1,1
Madonna of Loreto,https://en.wikipedia.org/wiki/Madonna_of_Loreto,1,0,1,1,1,1,1,1,1,1,0,1,1,1
The Adoration of the Kings (Bruegel),https://en.wikipedia.org/wiki/The_Adoration_of_the_Kings_(Bruegel),1,1,1,1,1,1,1,1,1,1,0,1,1,1
Pieter Bruegel the Elder,https://en.wikipedia.org/wiki/Pieter_Bruegel_the_Elder,1,0,1,1,1,1,1,1,1,1,0,1,1,1
An Experiment on a Bird in the Air Pump,https://en.wikipedia.org/wiki/An_Experiment_on_a_Bird_in_the_Air_Pump,1,1,1,1,1,1,1,1,1,1,0,1,1,1
Ancient Rome (painting),https://en.wikipedia.org/wiki/Ancient_Rome_(painting),1,1,1,1,1,1,1,1,1,1,0,1,1,1
Giovanni Paolo Panini,https://en.wikipedia.org/wiki/Giovanni_Paolo_Panini,1,0,1,0,0,1,1,1,0,1,0,1,1,1
Modern Rome,https://en.wikipedia.org/wiki/Modern_Rome,1,0,1,0,0,1,1,1,0,1,0,1,1,1
A Winter Scene with Skaters near a Castle,https://en.wikipedia.org/wiki/A_Winter_Scene_with_Skaters_near_a_Castle,1,0,1,0,0,1,1,1,0,1,0,1,1,1
Hendrick Avercamp,https://en.wikipedia.org/wiki/Hendrick_Avercamp,0,0,1,0,1,1,1,1,0,1,0,1,1,1
The Elder Sister,https://en.wikipedia.org/wiki/The_Elder_Sister,1,1,1,0,1,1,1,1,0,1,0,1,1,1
La Schiavona,https://en.wikipedia.org/wiki/La_Schiavona,1,1,1,1,1,1,1,1,0,1,0,1,1,1
Pasteur's portrait by Edelfelt,https://en.wikipedia.org/wiki/Pasteur%27s_portrait_by_Edelfelt,1,1,1,1,1,1,1,1,1,1,0,1,1,1
Albert Edelfelt,https://en.wikipedia.org/wiki/Albert_Edelfelt,1,0,1,0,0,1,1,1,1,1,0,1,1,1
User:Trycatch,https://en.wikipedia.org/wiki/User:Trycatch,0,0,1,0,0,1,1,1,1,0,0,1,1,1
The Fighting Temeraire,https://en.wikipedia.org/wiki/The_Fighting_Temeraire,1,1,1,1,1,1,1,1,1,1,0,1,1,1
Summer Evening on Skagen's Southern Beach,https://en.wikipedia.org/wiki/Summer_Evening_on_Skagen%27s_Southern_Beach,1,1,1,1,1,1,1,1,1,1,0,1,1,1
Ambrosius Bosschaert,https://en.wikipedia.org/wiki/Ambrosius_Bosschaert,1,0,1,1,0,1,1,1,0,1,0,1,1,1
Portrait of a Lady with a Squirrel and a Starling,https://en.wikipedia.org/wiki/Portrait_of_a_Lady_with_a_Squirrel_and_a_Starling,1,0,1,1,0,1,1,1,0,1,0,1,1,1
Hans Holbein the Younger,https://en.wikipedia.org/wiki/Hans_Holbein_the_Younger,1,0,1,1,1,1,1,1,1,1,0,0,1,1
The Roses of Heliogabalus,https://en.wikipedia.org/wiki/The_Roses_of_Heliogabalus,0,0,1,1,0,1,1,1,1,1,0,0,1,1
Lawrence Alma-Tadema,https://en.wikipedia.org/wiki/Lawrence_Alma-Tadema,1,0,1,1,1,1,1,1,0,1,0,1,0,1
A Session of the Painting Jury,https://en.wikipedia.org/wiki/A_Session_of_the_Painting_Jury,1,0,1,1,1,1,1,1,0,1,0,1,0,1
Henri Gervex,https://en.wikipedia.org/wiki/Henri_Gervex,1,0,1,0,0,1,1,1,0,1,0,1,0,1
Resurrection (Cecco del Caravaggio),https://en.wikipedia.org/wiki/Resurrection_(Cecco_del_Caravaggio),1,0,1,0,0,1,1,1,0,1,0,1,0,1
Cecco del Caravaggio,https://en.wikipedia.org/wiki/Cecco_del_Caravaggio,0,0,1,0,0,1,1,1,0,1,0,1,0,1
Tribuna of the Uffizi (painting),https://en.wikipedia.org/wiki/Tribuna_of_the_Uffizi_(painting),1,1,1,0,0,1,1,1,0,1,0,1,0,1
Johan Zoffany,https://en.wikipedia.org/wiki/Johan_Zoffany,1,0,1,0,0,1,1,1,0,1,0,1,0,1
Napoleon Crossing the Alps,https://en.wikipedia.org/wiki/Napoleon_Crossing_the_Alps,1,1,1,1,1,1,1,1,1,1,0,1,1,1
Houses at Auvers,https://en.wikipedia.org/wiki/Houses_at_Auvers,1,1,1,1,1,1,1,1,1,1,0,1,1,1
King Lear,https://en.wikipedia.org/wiki/King_Lear,0,0,1,1,1,0,1,1,1,1,0,1,0,0
Edwin Austin Abbey,https://en.wikipedia.org/wiki/Edwin_Austin_Abbey,1,0,1,1,0,0,1,1,0,1,0,1,0,0
Adolf Mosengel,https://en.wikipedia.org/wiki/Adolf_Mosengel,0,0,1,1,0,0,1,1,0,1,0,1,0,0
The Mystical Nativity,https://en.wikipedia.org/wiki/The_Mystical_Nativity,1,0,1,1,0,0,1,1,0,1,0,1,0,0
Sandro Botticelli,https://en.wikipedia.org/wiki/Sandro_Botticelli,1,0,1,1,1,1,1,1,1,1,0,1,1,1
The Kiss (Klimt),https://en.wikipedia.org/wiki/The_Kiss_(Klimt),0,1,1,1,1,1,1,0,1,1,0,1,1,1
Self-Portrait at the Age of 63,https://en.wikipedia.org/wiki/Self-Portrait_at_the_Age_of_63,1,1,1,1,1,1,1,0,1,1,0,1,1,1
Stitching the Standard,https://en.wikipedia.org/wiki/Stitching_the_Standard,1,0,1,1,0,1,1,1,1,1,0,1,1,1
The Stolen Kiss (Fragonard),https://en.wikipedia.org/wiki/The_Stolen_Kiss_(Fragonard),1,0,1,1,0,1,1,1,1,1,0,1,1,1
Jean-Honoré Fragonard,https://en.wikipedia.org/wiki/Jean-Honor%C3%A9_Fragonard,1,0,1,1,1,1,1,1,0,1,0,1,0,1
Mariana (Millais),https://en.wikipedia.org/wiki/Mariana_(Millais),1,0,1,1,1,1,1,1,0,1,0,1,0,1
John Everett Millais,https://en.wikipedia.org/wiki/John_Everett_Millais,1,0,1,1,0,1,1,1,1,1,0,1,1,1
Religion saved by Spain,https://en.wikipedia.org/wiki/Religion_saved_by_Spain,1,0,1,1,0,1,1,1,1,1,0,1,1,1
Still life,https://en.wikipedia.org/wiki/Still_life,0,0,0,0,0,0,1,0,0,0,0,0,0,0
Osias Beert,https://en.wikipedia.org/wiki/Osias_Beert,0,0,1,0,1,0,1,0,0,0,0,0,0,0
Garden at Sainte-Adresse,https://en.wikipedia.org/wiki/Garden_at_Sainte-Adresse,1,1,1,1,1,0,1,0,1,1,0,0,0,0
Eight Bells (painting),https://en.wikipedia.org/wiki/Eight_Bells_(painting),0,1,1,1,1,0,1,0,1,1,0,0,0,0
Winslow Homer,https://en.wikipedia.org/wiki/Winslow_Homer,1,0,1,1,0,0,1,1,0,1,0,1,1,0
Self-portrait at the age of 34,https://en.wikipedia.org/wiki/Self-portrait_at_the_age_of_34,1,0,1,1,0,0,1,1,0,1,0,1,1,0
The Conversion of Mary Magdalene,https://en.wikipedia.org/wiki/The_Conversion_of_Mary_Magdalene,1,0,1,1,0,0,1,1,0,1,0,1,1,0
Le Grand Canal,https://en.wikipedia.org/wiki/Le_Grand_Canal,1,0,1,1,0,0,1,1,0,1,0,1,1,0
Portrait of Pablo de Valladolid,https://en.wikipedia.org/wiki/Portrait_of_Pablo_de_Valladolid,1,0,1,1,0,0,1,1,0,1,0,1,1,0
Bedroom in Arles,https://en.wikipedia.org/wiki/Bedroom_in_Arles,1,1,1,1,0,0,1,1,1,1,0,1,1,0
Graziella,https://en.wikipedia.org/wiki/Graziella,1,1,1,1,0,0,1,1,1,1,0,1,1,0
Jules Joseph Lefebvre,https://en.wikipedia.org/wiki/Jules_Joseph_Lefebvre,1,0,1,1,0,1,1,1,1,1,0,1,1,0
Oath of the Horatii,https://en.wikipedia.org/wiki/Oath_of_the_Horatii,1,1,1,1,1,1,1,1,1,1,0,1,1,0
Anne-Louis Girodet de Roussy-Trioson,https://en.wikipedia.org/wiki/Anne-Louis_Girodet_de_Roussy-Trioson,1,0,1,1,1,0,1,1,0,1,0,1,0,0
Diana and Endymion,https://en.wikipedia.org/wiki/Diana_and_Endymion,1,0,1,1,1,0,1,1,0,1,0,1,0,0
Francesco Solimena,https://en.wikipedia.org/wiki/Francesco_Solimena,1,0,1,1,1,1,1,1,0,1,0,1,0,0
The Torment of Saint Anthony,https://en.wikipedia.org/wiki/The_Torment_of_Saint_Anthony,1,1,1,1,1,1,1,1,0,1,0,1,0,0
Giuseppe Tominz,https://en.wikipedia.org/wiki/Giuseppe_Tominz,1,0,1,1,1,1,1,1,0,1,0,1,0,0
Waiting (Degas),https://en.wikipedia.org/wiki/Waiting_(Degas),0,0,1,1,1,1,1,1,0,1,0,1,0,0
A Man with a Quilted Sleeve,https://en.wikipedia.org/wiki/A_Man_with_a_Quilted_Sleeve,1,0,1,1,1,1,1,1,0,1,0,1,0,0
Rosa Bonheur (Anna Elizabeth Klumpke),https://en.wikipedia.org/wiki/Rosa_Bonheur_(Anna_Elizabeth_Klumpke),1,0,1,1,1,1,1,1,0,1,0,1,0,0
Anna Elizabeth Klumpke,https://en.wikipedia.org/wiki/Anna_Elizabeth_Klumpke,1,0,1,1,1,1,1,1,0,1,0,1,0,0
"Christ Crowned with Thorns (Bosch, London)","https://en.wikipedia.org/wiki/Christ_Crowned_with_Thorns_(Bosch,_London)",1,0,1,0,1,1,1,1,0,1,0,1,0,0
An Old Man and his Grandson,https://en.wikipedia.org/wiki/An_Old_Man_and_his_Grandson,1,0,1,1,1,1,1,1,0,1,0,1,0,0
Domenico Ghirlandaio,https://en.wikipedia.org/wiki/Domenico_Ghirlandaio,1,0,1,1,0,1,1,1,0,1,0,1,1,1
Portrait of a Man (Domenico Ghirlandaio),https://en.wikipedia.org/wiki/Portrait_of_a_Man_(Domenico_Ghirlandaio),1,0,1,1,0,1,1,1,0,1,0,1,1,1
Echo and Narcissus (Waterhouse painting),https://en.wikipedia.org/wiki/Echo_and_Narcissus_(Waterhouse_painting),1,0,1,1,1,1,1,1,0,1,0,1,1,1
Christ in the Desert,https://en.wikipedia.org/wiki/Christ_in_the_Desert,1,1,1,1,1,1,1,1,0,1,0,1,1,1
Ivan Kramskoi,https://en.wikipedia.org/wiki/Ivan_Kramskoi,1,0,1,1,0,0,1,1,0,1,0,1,0,1
The Entombment (Bouts),https://en.wikipedia.org/wiki/The_Entombment_(Bouts),0,0,1,1,0,0,1,1,0,1,0,1,0,1
Dieric Bouts,https://en.wikipedia.org/wiki/Dieric_Bouts,0,0,1,1,1,0,1,1,0,1,0,1,1,1
The Baptism of Christ (Piero della Francesca),https://en.wikipedia.org/wiki/The_Baptism_of_Christ_(Piero_della_Francesca),1,0,1,1,1,0,1,1,0,1,0,1,1,1
Piero della Francesca,https://en.wikipedia.org/wiki/Piero_della_Francesca,1,0,1,1,1,1,1,1,0,1,0,0,1,1
Mr and Mrs Andrews,https://en.wikipedia.org/wiki/Mr_and_Mrs_Andrews,1,1,1,1,1,1,1,1,1,1,0,0,1,1
Thomas Gainsborough,https://en.wikipedia.org/wiki/Thomas_Gainsborough,1,0,1,1,0,1,1,1,1,1,0,1,1,1
Crucifixion with the Virgin and St John,https://en.wikipedia.org/wiki/Crucifixion_with_the_Virgin_and_St_John,1,0,1,1,0,1,1,1,1,1,0,1,1,1
Hendrick ter Brugghen,https://en.wikipedia.org/wiki/Hendrick_ter_Brugghen,1,0,1,0,1,1,1,1,0,1,0,1,1,1
Vienna Diptych,https://en.wikipedia.org/wiki/Vienna_Diptych,0,0,1,1,1,1,1,1,0,1,0,1,1,1
Hugo van der Goes,https://en.wikipedia.org/wiki/Hugo_van_der_Goes,1,0,1,0,1,1,1,1,1,1,0,1,1,1
Pisa Altarpiece,https://en.wikipedia.org/wiki/Pisa_Altarpiece#Madonna_and_Child_with_Angels,0,0,0,0,1,1,1,1,1,1,0,1,1,1
Masaccio,https://en.wikipedia.org/wiki/Masaccio,1,0,1,1,1,1,1,1,1,1,0,1,0,1
Mont Sainte-Victoire and the Viaduct of the Arc River Valley,https://en.wikipedia.org/wiki/Mont_Sainte-Victoire_and_the_Viaduct_of_the_Arc_River_Valley,1,0,1,1,1,1,1,1,1,1,0,1,0,1
Allegory of Fortune,https://en.wikipedia.org/wiki/Allegory_of_Fortune,1,0,1,1,1,1,1,1,1,1,0,1,0,1
Salvator Rosa,https://en.wikipedia.org/wiki/Salvator_Rosa,1,0,1,0,1,1,1,1,0,1,0,0,0,1
Wilton Diptych,https://en.wikipedia.org/wiki/Wilton_Diptych,0,0,1,1,1,1,1,0,0,1,0,0,0,1
User:SchroCat,https://en.wikipedia.org/wiki/User:SchroCat,0,0,1,1,1,1,1,0,0,1,0,0,0,1
Jupiter and Io,https://en.wikipedia.org/wiki/Jupiter_and_Io,1,1,1,1,1,1,1,1,0,1,0,0,0,1
Profile Portrait of a Young Lady,https://en.wikipedia.org/wiki/Profile_Portrait_of_a_Young_Lady,1,1,1,1,1,1,1,1,0,1,0,0,0,1
Piero del Pollaiolo,https://en.wikipedia.org/wiki/Piero_del_Pollaiolo,0,0,1,1,1,1,1,1,0,1,0,0,0,1
River Wensum,https://en.wikipedia.org/wiki/River_Wensum,1,0,1,1,1,1,1,1,1,1,0,0,0,1
John Crome,https://en.wikipedia.org/wiki/John_Crome,1,0,1,0,0,1,1,1,0,1,0,0,0,1
The Quai Saint-Michel and Notre-Dame,https://en.wikipedia.org/wiki/The_Quai_Saint-Michel_and_Notre-Dame,1,0,1,0,0,1,1,1,0,1,0,0,0,1
Maximilien Luce,https://en.wikipedia.org/wiki/Maximilien_Luce,1,0,1,1,1,1,1,1,0,1,0,0,0,1
The Yellow House,https://en.wikipedia.org/wiki/The_Yellow_House,1,0,1,1,1,1,1,1,1,1,0,1,1,1
Van Gogh self-portrait (1889),https://en.wikipedia.org/wiki/Van_Gogh_self-portrait_(1889),1,0,1,1,1,1,1,1,1,1,0,1,1,1
The Little Street,https://en.wikipedia.org/wiki/The_Little_Street,1,1,1,1,1,1,1,1,1,1,0,1,1,1
Four Times of the Day (Joseph Vernet),https://en.wikipedia.org/wiki/Four_Times_of_the_Day_(Joseph_Vernet),0,1,1,1,1,1,1,1,1,1,0,1,1,1
Claude-Joseph Vernet,https://en.wikipedia.org/wiki/Claude-Joseph_Vernet,1,0,1,1,1,1,1,1,1,1,0,1,0,1
La Nymphe surprise,https://en.wikipedia.org/wiki/La_Nymphe_surprise,1,0,1,1,1,1,1,1,1,1,0,1,0,1
The Allegory of Faith,https://en.wikipedia.org/wiki/The_Allegory_of_Faith,1,0,1,1,1,1,1,1,1,1,0,1,0,1
King Gustav III of Sweden and His Brothers,https://en.wikipedia.org/wiki/King_Gustav_III_of_Sweden_and_His_Brothers,1,0,1,1,1,1,1,1,1,1,0,1,0,1
Alexander Roslin,https://en.wikipedia.org/wiki/Alexander_Roslin,1,0,1,0,0,1,1,1,1,1,0,1,0,1
The Absinthe Drinker (Manet),https://en.wikipedia.org/wiki/The_Absinthe_Drinker_(Manet),0,0,1,0,0,1,1,1,1,1,0,1,0,1
Portrait of Dr. Gachet,https://en.wikipedia.org/wiki/Portrait_of_Dr._Gachet,1,1,1,1,1,0,1,1,1,1,0,1,1,1
L'Absinthe,https://en.wikipedia.org/wiki/L%27Absinthe,1,1,1,1,1,0,1,1,1,1,0,1,1,1
The Café-Concert,https://en.wikipedia.org/wiki/The_Caf%C3%A9-Concert,1,1,1,1,1,0,1,1,1,1,0,1,1,1
Bulb Fields,https://en.wikipedia.org/wiki/Bulb_Fields,1,1,1,1,1,0,1,1,1,1,0,1,1,1
Portrait of an African Man,https://en.wikipedia.org/wiki/Portrait_of_an_African_Man,1,1,1,1,1,0,1,1,1,1,0,1,1,1
Jan Mostaert,https://en.wikipedia.org/wiki/Jan_Mostaert,1,0,1,0,0,0,1,1,0,1,0,1,1,1
"Venus, Cupid, Folly and Time","https://en.wikipedia.org/wiki/Venus,_Cupid,_Folly_and_Time",1,1,1,1,0,0,1,1,0,1,0,1,1,1
Bronzino,https://en.wikipedia.org/wiki/Bronzino,1,0,1,1,1,1,1,1,0,1,0,1,1,1
Woman Reading a Letter (Vermeer),https://en.wikipedia.org/wiki/Woman_Reading_a_Letter_(Vermeer),1,1,1,1,1,1,1,1,1,1,0,1,1,1
The Kiss (Hayez),https://en.wikipedia.org/wiki/The_Kiss_(Hayez),1,1,1,1,1,1,1,1,1,1,0,1,1,1
Francesco Hayez,https://en.wikipedia.org/wiki/Francesco_Hayez,1,0,1,1,0,1,1,1,0,1,0,1,1,1
Kullervo,https://en.wikipedia.org/wiki/Kullervo,0,0,0,0,0,0,1,1,0,1,0,1,0,1
Akseli Gallen-Kallela,https://en.wikipedia.org/wiki/Akseli_Gallen-Kallela,1,0,1,1,0,0,1,1,0,1,0,1,1,1
Portrait of Doña Isabel de Porcel,https://en.wikipedia.org/wiki/Portrait_of_Do%C3%B1a_Isabel_de_Porcel,1,1,1,1,0,0,1,1,1,1,0,1,1,1
Triple Portrait of Cardinal de Richelieu,https://en.wikipedia.org/wiki/Triple_Portrait_of_Cardinal_de_Richelieu,0,1,1,1,0,0,1,1,1,1,0,1,1,1
Philippe de Champaigne,https://en.wikipedia.org/wiki/Philippe_de_Champaigne,1,0,1,1,0,0,1,1,0,1,0,1,1,1
Lady Seated at a Virginal,https://en.wikipedia.org/wiki/Lady_Seated_at_a_Virginal,1,0,1,1,1,0,1,1,1,1,0,1,1,1
Young Knight in a Landscape,https://en.wikipedia.org/wiki/Young_Knight_in_a_Landscape,1,0,1,1,1,0,1,1,1,1,0,1,1,1
Vittore Carpaccio,https://en.wikipedia.org/wiki/Vittore_Carpaccio,1,0,1,0,0,1,1,1,0,1,0,1,1,1
The Appearance of Christ Before the People,https://en.wikipedia.org/wiki/The_Appearance_of_Christ_Before_the_People,1,0,1,1,0,1,1,1,0,1,0,1,1,1
Alexander Andreyevich Ivanov,https://en.wikipedia.org/wiki/Alexander_Andreyevich_Ivanov,1,0,1,0,0,1,1,1,0,1,0,1,1,1
The Harvesters (painting),https://en.wikipedia.org/wiki/The_Harvesters_(painting),1,1,1,1,0,1,1,1,0,1,0,1,1,1
Albertus Jonas Brandt,https://en.wikipedia.org/wiki/Albertus_Jonas_Brandt,1,1,1,1,0,1,1,1,0,1,0,1,1,1
Eelke Jelles Eelkema,https://en.wikipedia.org/wiki/Eelke_Jelles_Eelkema,1,1,1,1,1,1,1,1,0,1,0,1,1,1
Portrait of Pope Julius II,https://en.wikipedia.org/wiki/Portrait_of_Pope_Julius_II,1,0,1,1,1,1,1,1,0,1,0,1,1,1
Ploughing in the Nivernais,https://en.wikipedia.org/wiki/Ploughing_in_the_Nivernais,1,0,1,1,1,1,1,1,0,1,0,1,1,1
Rosa Bonheur,https://en.wikipedia.org/wiki/Rosa_Bonheur,1,0,1,1,0,1,1,1,1,1,0,1,1,1
Hendrik Voogd,https://en.wikipedia.org/wiki/Hendrik_Voogd,1,0,1,1,0,1,1,1,0,1,0,1,1,1
Study of a Young Woman,https://en.wikipedia.org/wiki/Study_of_a_Young_Woman,1,0,1,1,1,1,1,1,1,1,0,1,1,1
Equestrian Portrait of Charles I,https://en.wikipedia.org/wiki/Equestrian_Portrait_of_Charles_I,1,0,1,1,1,1,1,1,1,1,0,1,1,1
Crab on its Back,https://en.wikipedia.org/wiki/Crab_on_its_Back,1,0,1,1,1,1,1,1,1,1,0,1,1,1
Marriage A-la-Mode: 1. The Marriage Settlement,https://en.wikipedia.org/wiki/Marriage_A-la-Mode:_1._The_Marriage_Settlement,1,0,1,1,1,1,1,1,1,1,0,1,1,1
William Hogarth,https://en.wikipedia.org/wiki/William_Hogarth,1,0,1,1,0,1,1,1,1,1,0,1,1,1
Marriage A-la-Mode: 2. The Tête à Tête,https://en.wikipedia.org/wiki/Marriage_A-la-Mode:_2._The_T%C3%AAte_%C3%A0_T%C3%AAte,1,0,1,1,0,1,1,1,1,1,0,1,1,1
Marriage A-la-Mode: 3. The Inspection,https://en.wikipedia.org/wiki/Marriage_A-la-Mode:_3._The_Inspection,1,0,1,1,0,1,1,1,1,1,0,1,1,1
Marriage A-la-Mode: 4. The Toilette,https://en.wikipedia.org/wiki/Marriage_A-la-Mode:_4._The_Toilette,1,0,1,1,0,1,1,1,1,1,0,1,1,1
Marriage A-la-Mode: 5. The Bagnio,https://en.wikipedia.org/wiki/Marriage_A-la-Mode:_5._The_Bagnio,1,0,1,1,0,1,1,1,1,1,0,1,1,1
Marriage A-la-Mode: 6. The Lady's Death,https://en.wikipedia.org/wiki/Marriage_A-la-Mode:_6._The_Lady%27s_Death,1,0,1,1,0,1,1,1,1,1,0,1,1,1
Lady Standing at a Virginal,https://en.wikipedia.org/wiki/Lady_Standing_at_a_Virginal,1,0,1,1,1,1,1,1,1,1,0,1,1,1
The Umbrellas (Renoir),https://en.wikipedia.org/wiki/The_Umbrellas_(Renoir),1,0,1,1,1,1,1,1,1,1,0,1,1,1
Christen Dalsgaard,https://en.wikipedia.org/wiki/Christen_Dalsgaard,1,0,1,0,0,1,1,1,0,1,0,1,1,0
The Horse Fair,https://en.wikipedia.org/wiki/The_Horse_Fair,0,0,1,1,0,1,1,1,0,1,0,1,1,0
Karl Friedrich Schinkel,https://en.wikipedia.org/wiki/Karl_Friedrich_Schinkel,1,0,1,1,1,1,1,1,1,1,0,1,0,1
The Virgin and Child with Saint Anne (Leonardo),https://en.wikipedia.org/wiki/The_Virgin_and_Child_with_Saint_Anne_(Leonardo),1,1,1,1,1,1,1,1,1,1,0,1,1,1
Leonardo da Vinci,https://en.wikipedia.org/wiki/Leonardo_da_Vinci,1,0,1,1,1,1,1,1,1,1,0,1,1,1
User:Dcoetzee,https://en.wikipedia.org/wiki/User:Dcoetzee,0,0,1,1,1,1,1,1,1,1,0,1,1,1
Parisian Women in Algerian Costume (The Harem),https://en.wikipedia.org/wiki/Parisian_Women_in_Algerian_Costume_(The_Harem),1,0,1,1,1,1,1,1,1,1,0,1,1,1
Still Life with Profile of Laval,https://en.wikipedia.org/wiki/Still_Life_with_Profile_of_Laval,1,0,1,1,1,1,1,1,1,1,0,1,1,1
Miss La La at the Cirque Fernando,https://en.wikipedia.org/wiki/Miss_La_La_at_the_Cirque_Fernando,1,0,1,1,1,1,1,1,1,1,0,1,1,1
Venus and Mars (Botticelli),https://en.wikipedia.org/wiki/Venus_and_Mars_(Botticelli),0,0,1,1,1,1,1,0,1,1,0,1,1,1
Virgin of the Rocks,https://en.wikipedia.org/wiki/Virgin_of_the_Rocks,1,0,1,1,0,1,1,1,1,1,0,1,1,0
The Surrender of Breda,https://en.wikipedia.org/wiki/The_Surrender_of_Breda,1,1,1,1,0,1,1,1,0,1,0,1,1,0
Portrait of Doge Leonardo Loredan,https://en.wikipedia.org/wiki/Portrait_of_Doge_Leonardo_Loredan,1,1,1,1,0,1,1,1,0,1,0,1,1,0
Giovanni Bellini,https://en.wikipedia.org/wiki/Giovanni_Bellini,1,0,1,1,1,1,1,1,0,1,0,1,1,1
Breakfast Time (painting),https://en.wikipedia.org/wiki/Breakfast_Time_(painting),1,0,1,1,1,1,1,1,1,1,0,1,1,1
Hanna Hirsch-Pauli,https://en.wikipedia.org/wiki/Hanna_Hirsch-Pauli,0,0,1,1,0,1,1,1,1,1,0,1,1,1
Dancing Fairies,https://en.wikipedia.org/wiki/Dancing_Fairies,1,0,1,1,0,1,1,1,1,1,0,1,1,1
August Malmström,https://en.wikipedia.org/wiki/August_Malmstr%C3%B6m,1,0,1,1,1,1,1,1,1,1,0,1,1,1
The Old Musician,https://en.wikipedia.org/wiki/The_Old_Musician,1,1,1,1,1,1,1,1,1,1,0,1,1,1
Virgin and Child with Four Angels,https://en.wikipedia.org/wiki/Virgin_and_Child_with_Four_Angels,0,1,1,1,1,1,1,1,1,1,0,1,1,1
Gerard David,https://en.wikipedia.org/wiki/Gerard_David,1,0,1,1,0,1,1,1,1,1,0,1,1,1
Henriette Mayer van den Bergh,https://en.wikipedia.org/wiki/Henriette_Mayer_van_den_Bergh,1,0,1,1,1,1,1,1,1,1,0,1,1,1
Jozef Van Lerius,https://en.wikipedia.org/wiki/Jozef_Van_Lerius,0,0,1,1,1,1,1,1,1,1,0,1,1,1
Northeaster (painting),https://en.wikipedia.org/wiki/Northeaster_(painting),1,0,1,1,1,1,1,1,1,1,0,1,1,1
The Threatened Swan,https://en.wikipedia.org/wiki/The_Threatened_Swan,1,0,1,1,1,1,1,1,1,1,0,1,1,1
Jan Asselijn,https://en.wikipedia.org/wiki/Jan_Asselijn,1,0,1,1,1,1,1,1,0,1,0,0,1,1
Wheat Fields,https://en.wikipedia.org/wiki/Wheat_Fields,1,0,1,1,1,1,1,1,0,1,0,0,1,1
Green Wheat Field with Cypress,https://en.wikipedia.org/wiki/Green_Wheat_Field_with_Cypress,1,0,1,1,1,0,1,1,0,1,0,0,1,1
Rain (Van Gogh),https://en.wikipedia.org/wiki/Rain_(Van_Gogh),0,0,1,1,1,0,1,1,0,1,0,0,1,1
Enclosed Field with Peasant,https://en.wikipedia.org/wiki/Enclosed_Field_with_Peasant,1,0,1,1,1,0,1,1,0,1,0,0,1,1
Barge Haulers on the Volga,https://en.wikipedia.org/wiki/Barge_Haulers_on_the_Volga,1,1,1,1,1,0,1,1,1,1,0,1,0,1
Ilya Repin,https://en.wikipedia.org/wiki/Ilya_Repin,1,0,1,1,1,0,1,1,0,1,0,1,1,1
Interior with Portraits,https://en.wikipedia.org/wiki/Interior_with_Portraits,1,0,1,1,1,0,1,1,0,1,0,1,1,1
Thomas Le Clear,https://en.wikipedia.org/wiki/Thomas_Le_Clear,1,0,1,1,1,0,1,1,0,1,0,1,1,1
The Fall of the Titans,https://en.wikipedia.org/wiki/The_Fall_of_the_Titans,1,0,1,1,1,0,1,1,0,1,0,1,1,1
Cornelis van Haarlem,https://en.wikipedia.org/wiki/Cornelis_van_Haarlem,1,0,1,0,1,0,1,1,1,1,0,1,1,1
John F. Francis,https://en.wikipedia.org/wiki/John_F._Francis,0,0,1,0,1,0,1,1,1,1,0,1,1,1
Elisha,https://en.wikipedia.org/wiki/Elisha,1,0,1,1,0,0,1,1,0,1,0,0,0,1
Jan Nagel (painter),https://en.wikipedia.org/wiki/Jan_Nagel_(painter),0,0,1,0,0,0,1,1,0,1,0,0,0,1
The Headless Horseman Pursuing Ichabod Crane,https://en.wikipedia.org/wiki/The_Headless_Horseman_Pursuing_Ichabod_Crane,1,0,1,0,0,0,1,1,0,1,0,0,1,1
John Quidor,https://en.wikipedia.org/wiki/John_Quidor,1,0,1,1,0,0,1,1,0,1,0,0,1,1
The Embarkation for Cythera,https://en.wikipedia.org/wiki/The_Embarkation_for_Cythera,1,1,1,1,0,0,1,1,1,1,0,0,1,1
Antoine Watteau,https://en.wikipedia.org/wiki/Antoine_Watteau,1,0,1,1,1,1,1,1,1,1,0,1,0,1
Haller Madonna,https://en.wikipedia.org/wiki/Haller_Madonna,1,0,1,1,1,1,1,1,1,1,0,1,0,1
Luncheon of the Boating Party,https://en.wikipedia.org/wiki/Luncheon_of_the_Boating_Party,1,0,1,1,1,1,1,1,1,1,0,0,1,1
Portrait of Henry VIII,https://en.wikipedia.org/wiki/Portrait_of_Henry_VIII,1,0,1,1,1,1,1,1,1,1,0,0,1,1
Saudade,https://en.wikipedia.org/wiki/Saudade,0,0,0,0,0,1,1,1,1,1,0,0,0,1
José Ferraz de Almeida Júnior,https://en.wikipedia.org/wiki/Jos%C3%A9_Ferraz_de_Almeida_J%C3%BAnior,1,0,1,1,1,1,1,1,0,1,0,0,0,1
Walker Art Gallery,https://en.wikipedia.org/wiki/Walker_Art_Gallery,1,0,1,1,1,1,1,1,1,1,0,0,1,1
Arthur Devis,https://en.wikipedia.org/wiki/Arthur_Devis,0,0,1,0,1,1,1,1,1,1,0,0,1,1
Goethe in the Roman Campagna,https://en.wikipedia.org/wiki/Goethe_in_the_Roman_Campagna,1,1,1,1,1,1,1,1,1,1,0,0,1,1
Johann Heinrich Wilhelm Tischbein,https://en.wikipedia.org/wiki/Johann_Heinrich_Wilhelm_Tischbein,0,0,1,0,0,1,1,1,0,1,0,0,1,1
The Temptation of St Anthony (Bosch painting),https://en.wikipedia.org/wiki/The_Temptation_of_St_Anthony_(Bosch_painting),1,0,1,1,1,1,1,1,0,1,0,0,1,1
Claes Duyst van Voorhout,https://en.wikipedia.org/wiki/Claes_Duyst_van_Voorhout,1,0,1,1,1,1,1,1,0,1,0,0,1,1
Shrovetide Revellers,https://en.wikipedia.org/wiki/Shrovetide_Revellers,1,0,1,1,1,1,1,1,0,1,0,0,1,1
Melchior d'Hondecoeter,https://en.wikipedia.org/wiki/Melchior_d%27Hondecoeter,0,0,1,0,1,1,1,1,0,1,0,0,1,1
Saint John the Baptist (Leonardo),https://en.wikipedia.org/wiki/Saint_John_the_Baptist_(Leonardo),1,1,1,1,1,1,1,1,0,1,0,0,1,1
The Dance Lesson,https://en.wikipedia.org/wiki/The_Dance_Lesson,1,1,1,1,1,1,1,1,0,1,0,0,1,1
The Peasant Wedding,https://en.wikipedia.org/wiki/The_Peasant_Wedding,1,1,1,1,1,1,1,1,0,1,0,1,1,1
Men of the Docks,https://en.wikipedia.org/wiki/Men_of_the_Docks,1,1,1,1,1,1,1,1,0,1,0,1,1,1
George Bellows,https://en.wikipedia.org/wiki/George_Bellows,1,0,1,1,0,1,1,1,1,1,0,1,1,1
Self-Portrait as the Allegory of Painting,https://en.wikipedia.org/wiki/Self-Portrait_as_the_Allegory_of_Painting,1,0,1,1,0,1,1,1,1,1,0,1,1,1
Artemisia Gentileschi,https://en.wikipedia.org/wiki/Artemisia_Gentileschi,0,0,1,1,0,1,1,1,1,1,1,0,1,1
The Magpie (Monet),https://en.wikipedia.org/wiki/The_Magpie_(Monet),1,0,1,1,0,1,1,1,1,1,1,0,1,1
User:Paris 16,https://en.wikipedia.org/wiki/User:Paris_16,0,0,1,1,0,1,1,1,1,1,1,0,1,1
The Magdalen Reading,https://en.wikipedia.org/wiki/The_Magdalen_Reading,0,0,1,1,0,1,1,1,0,1,1,0,1,1
Rogier van der Weyden,https://en.wikipedia.org/wiki/Rogier_van_der_Weyden,1,0,1,0,1,1,1,1,0,1,1,1,0,1
Flaming June,https://en.wikipedia.org/wiki/Flaming_June,1,0,1,1,1,1,1,1,0,1,1,1,1,1
In a Roman Osteria,https://en.wikipedia.org/wiki/In_a_Roman_Osteria,1,0,1,1,1,1,1,1,0,1,1,1,1,1
Carl Bloch,https://en.wikipedia.org/wiki/Carl_Bloch,1,0,1,1,1,0,1,1,0,1,1,1,1,1
La Mousmé,https://en.wikipedia.org/wiki/La_Mousm%C3%A9,1,0,1,1,1,0,1,1,0,1,1,1,1,1
Adoration of the Shepherds (Giorgione),https://en.wikipedia.org/wiki/Adoration_of_the_Shepherds_(Giorgione),1,0,1,1,1,0,1,1,0,1,1,1,1,1
Giorgione,https://en.wikipedia.org/wiki/Giorgione,1,0,1,1,1,1,1,1,1,1,1,1,1,1
Vertumnus (painting),https://en.wikipedia.org/wiki/Vertumnus_(painting),1,0,1,1,1,1,1,1,1,1,1,1,1,1
Giuseppe Arcimboldo,https://en.wikipedia.org/wiki/Giuseppe_Arcimboldo,1,0,1,1,1,1,1,1,0,1,1,1,0,1
The Storm (painting),https://en.wikipedia.org/wiki/The_Storm_(painting),1,0,1,1,1,1,1,1,0,1,1,1,1,1
Pierre Auguste Cot,https://en.wikipedia.org/wiki/Pierre_Auguste_Cot,1,0,1,1,0,1,1,1,0,1,1,1,1,1
The Flageolet Player on the Cliff,https://en.wikipedia.org/wiki/The_Flageolet_Player_on_the_Cliff,1,0,1,1,0,1,1,1,0,1,1,1,1,1
Venus Consoling Love,https://en.wikipedia.org/wiki/Venus_Consoling_Love,1,0,1,1,0,1,1,1,0,1,1,1,1,1
François Boucher,https://en.wikipedia.org/wiki/Fran%C3%A7ois_Boucher,1,0,1,1,1,1,1,1,1,1,1,1,1,1
Hermia and Lysander (painting),https://en.wikipedia.org/wiki/Hermia_and_Lysander_(painting),0,0,1,1,1,1,1,1,1,1,1,1,1,1
John Simmons (painter),https://en.wikipedia.org/wiki/John_Simmons_(painter),0,0,1,1,1,1,1,1,1,1,1,1,1,1
"The Crowning with Thorns (Caravaggio, Vienna)","https://en.wikipedia.org/wiki/The_Crowning_with_Thorns_(Caravaggio,_Vienna)",1,0,1,1,1,1,1,1,1,1,1,1,1,1
Nativity at Night,https://en.wikipedia.org/wiki/Nativity_at_Night,0,0,1,1,1,1,1,1,1,1,1,1,1,1
Geertgen tot Sint Jans,https://en.wikipedia.org/wiki/Geertgen_tot_Sint_Jans,1,0,1,0,1,1,1,1,0,1,1,1,1,1
Fatata te Miti (By the Sea),https://en.wikipedia.org/wiki/Fatata_te_Miti_(By_the_Sea),1,0,1,1,1,1,1,1,0,1,1,1,1,1
The Quarrel of Oberon and Titania,https://en.wikipedia.org/wiki/The_Quarrel_of_Oberon_and_Titania,1,0,1,1,1,1,1,1,0,1,1,1,1,1
Joseph Noel Paton,https://en.wikipedia.org/wiki/Joseph_Noel_Paton,1,0,1,0,0,1,1,1,0,1,1,1,1,1
Wivenhoe Park (painting),https://en.wikipedia.org/wiki/Wivenhoe_Park_(painting),1,0,1,0,0,1,1,1,1,1,1,1,1,1
John Constable,https://en.wikipedia.org/wiki/John_Constable,1,0,1,1,1,1,1,1,1,1,1,0,1,1
Samuel Dirksz van Hoogstraten,https://en.wikipedia.org/wiki/Samuel_Dirksz_van_Hoogstraten,1,0,1,0,1,1,1,1,0,1,1,0,1,1
The Rocket (painting),https://en.wikipedia.org/wiki/The_Rocket_(painting),1,0,1,0,1,1,1,1,0,1,1,0,1,1
Edward Middleton Manigault,https://en.wikipedia.org/wiki/Edward_Middleton_Manigault,0,0,1,0,1,1,1,1,0,1,1,0,1,1
"Young Omahaw, War Eagle, Little Missouri, and Pawnees","https://en.wikipedia.org/wiki/Young_Omahaw,_War_Eagle,_Little_Missouri,_and_Pawnees",1,0,1,0,1,1,1,1,0,1,1,0,1,1
Charles Bird King,https://en.wikipedia.org/wiki/Charles_Bird_King,1,0,1,1,1,1,1,1,0,1,1,0,1,1
Self-Portrait with a Friend,https://en.wikipedia.org/wiki/Self-Portrait_with_a_Friend,1,1,1,1,1,1,1,1,0,1,1,1,1,1
Still Life: Vase with Pink Roses,https://en.wikipedia.org/wiki/Still_Life:_Vase_with_Pink_Roses,1,1,1,1,1,1,1,1,0,1,1,1,1,1
The Gulf Stream (painting),https://en.wikipedia.org/wiki/The_Gulf_Stream_(painting),1,1,1,1,1,1,1,1,0,1,1,1,1,1
Madonna of the Book,https://en.wikipedia.org/wiki/Madonna_of_the_Book,1,1,1,1,1,1,1,1,1,1,1,1,1,1
Constantin Hansen,https://en.wikipedia.org/wiki/Constantin_Hansen,1,0,1,1,1,1,1,1,1,1,1,1,1,1
View from the Artist's Window,https://en.wikipedia.org/wiki/View_from_the_Artist%27s_Window,1,0,1,1,1,1,1,1,1,1,1,1,1,1
Martinus Rørbye,https://en.wikipedia.org/wiki/Martinus_R%C3%B8rbye,1,0,1,1,0,1,1,1,0,1,1,1,1,1
The Voyage of Life,https://en.wikipedia.org/wiki/The_Voyage_of_Life,1,0,1,1,0,1,1,1,0,1,1,1,1,1
Nativity (Christus),https://en.wikipedia.org/wiki/Nativity_(Christus),0,0,1,1,0,1,1,0,0,1,1,1,1,1
Petrus Christus,https://en.wikipedia.org/wiki/Petrus_Christus,0,0,1,1,1,1,1,1,0,1,1,0,1,1
St. Michael Vanquishing Satan,https://en.wikipedia.org/wiki/St._Michael_Vanquishing_Satan,1,0,1,1,1,1,1,1,0,1,1,1,1,1
Dovedale by Moonlight,https://en.wikipedia.org/wiki/Dovedale_by_Moonlight,1,0,1,1,1,1,1,1,0,1,1,1,1,1
Rembrandt Peale,https://en.wikipedia.org/wiki/Rembrandt_Peale,1,0,1,1,1,1,1,1,0,1,1,1,1,1
Portrait of a Carthusian,https://en.wikipedia.org/wiki/Portrait_of_a_Carthusian,1,0,1,1,1,1,1,1,0,1,1,1,1,1
Cairn in Snow,https://en.wikipedia.org/wiki/Cairn_in_Snow,1,1,1,1,1,1,1,1,1,1,1,1,1,1
Caspar David Friedrich,https://en.wikipedia.org/wiki/Caspar_David_Friedrich,1,0,1,1,1,1,1,1,0,1,0,1,1,0
Henri-Edmond Cross,https://en.wikipedia.org/wiki/Henri-Edmond_Cross,1,0,1,0,0,1,1,1,1,1,0,0,1,0
Léal Souvenir,https://en.wikipedia.org/wiki/L%C3%A9al_Souvenir,0,0,1,1,1,1,1,1,1,1,0,0,1,0
Madonna with the Blue Diadem,https://en.wikipedia.org/wiki/Madonna_with_the_Blue_Diadem,1,0,1,1,1,1,1,1,1,1,0,1,1,0
Gianfrancesco Penni,https://en.wikipedia.org/wiki/Gianfrancesco_Penni,0,0,1,0,0,1,1,1,0,1,0,1,1,0
Midsummer Eve Bonfire on Skagen Beach,https://en.wikipedia.org/wiki/Midsummer_Eve_Bonfire_on_Skagen_Beach,1,0,1,0,0,1,1,1,1,1,0,1,1,0
Our English Coasts,https://en.wikipedia.org/wiki/Our_English_Coasts,1,0,1,0,0,1,1,1,1,1,0,1,1,0
William Holman Hunt,https://en.wikipedia.org/wiki/William_Holman_Hunt,1,0,1,1,0,1,1,1,1,1,0,1,1,1
Frederic Remington,https://en.wikipedia.org/wiki/Frederic_Remington,1,0,1,1,1,1,1,1,1,1,0,1,0,1
Cymon and Iphigenia (Leighton painting),https://en.wikipedia.org/wiki/Cymon_and_Iphigenia_(Leighton_painting),1,0,1,1,1,1,1,1,1,1,0,1,0,1
Oedipus and the Sphinx,https://en.wikipedia.org/wiki/Oedipus_and_the_Sphinx,1,1,1,1,1,1,1,1,1,1,0,1,0,1
Gustave Moreau,https://en.wikipedia.org/wiki/Gustave_Moreau,1,0,1,1,0,1,1,1,0,1,0,1,1,1
"Niagara Falls, from the American Side","https://en.wikipedia.org/wiki/Niagara_Falls,_from_the_American_Side",1,0,1,1,0,1,1,1,0,1,0,1,1,1
Frederic Edwin Church,https://en.wikipedia.org/wiki/Frederic_Edwin_Church,1,0,1,1,0,1,1,1,0,1,0,1,1,1
Adriaen van Utrecht,https://en.wikipedia.org/wiki/Adriaen_van_Utrecht,0,0,1,1,1,1,1,1,0,1,0,1,1,1
Samuel Peploe,https://en.wikipedia.org/wiki/Samuel_Peploe,1,0,1,1,0,1,1,1,0,1,0,1,1,1
Beauty Revealed,https://en.wikipedia.org/wiki/Beauty_Revealed,1,1,1,1,0,1,1,1,1,1,0,1,1,1
Sarah Goodridge,https://en.wikipedia.org/wiki/Sarah_Goodridge,1,0,1,1,0,1,1,1,1,1,0,1,1,1
User:Crisco 1492,https://en.wikipedia.org/wiki/User:Crisco_1492,0,0,1,1,0,1,1,1,1,1,0,1,1,1
Guido Reni,https://en.wikipedia.org/wiki/Guido_Reni,1,0,1,1,1,1,1,1,1,1,0,1,1,1
The Submission of Prince Dipo Negoro to General De Kock,https://en.wikipedia.org/wiki/The_Submission_of_Prince_Dipo_Negoro_to_General_De_Kock,1,0,1,1,1,1,1,1,1,1,0,1,1,1
Nicolaas Pieneman,https://en.wikipedia.org/wiki/Nicolaas_Pieneman,1,0,1,0,1,1,1,1,1,1,0,1,1,1
User:Nagualdesign,https://en.wikipedia.org/wiki/User:Nagualdesign,0,0,1,0,1,1,1,1,1,1,0,1,1,1
The Fog Warning,https://en.wikipedia.org/wiki/The_Fog_Warning,1,0,1,0,1,1,1,1,1,1,0,1,1,1
"Carnation, Lily, Lily, Rose","https://en.wikipedia.org/wiki/Carnation,_Lily,_Lily,_Rose",1,1,1,1,1,1,1,1,1,1,0,1,1,1
John Singer Sargent,https://en.wikipedia.org/wiki/John_Singer_Sargent,1,0,1,1,0,1,1,1,1,1,0,1,1,1
The Balcony (Manet),https://en.wikipedia.org/wiki/The_Balcony_(Manet),1,1,1,1,1,1,1,1,1,1,0,1,1,1
The Gleaners,https://en.wikipedia.org/wiki/The_Gleaners,1,1,1,1,1,1,1,1,1,1,0,1,1,1
Jean-François Millet,https://en.wikipedia.org/wiki/Jean-Fran%C3%A7ois_Millet,1,0,1,1,1,1,1,1,1,1,0,1,1,1
Laura (Giorgione),https://en.wikipedia.org/wiki/Laura_(Giorgione),1,0,1,1,1,1,1,1,1,1,0,1,1,1
Portrait of Simonetta Vespucci,https://en.wikipedia.org/wiki/Portrait_of_Simonetta_Vespucci,1,0,1,1,1,1,1,1,1,1,0,1,1,1
Piero di Cosimo,https://en.wikipedia.org/wiki/Piero_di_Cosimo,1,0,1,0,1,1,1,1,0,1,0,1,0,1
September Morn,https://en.wikipedia.org/wiki/September_Morn,1,0,1,0,1,1,1,1,0,1,0,1,0,1
Paul Émile Chabas,https://en.wikipedia.org/wiki/Paul_%C3%89mile_Chabas,0,0,1,0,0,1,1,1,0,1,0,1,0,1
The Great Day of His Wrath,https://en.wikipedia.org/wiki/The_Great_Day_of_His_Wrath,1,0,1,0,0,1,1,1,0,1,0,1,0,1
John Martin (painter),https://en.wikipedia.org/wiki/John_Martin_(painter),1,0,1,0,1,1,1,1,0,1,0,1,0,1
Woman Holding a Balance,https://en.wikipedia.org/wiki/Woman_Holding_a_Balance,1,1,1,1,1,1,1,1,1,1,0,1,1,1
Man Writing a Letter,https://en.wikipedia.org/wiki/Man_Writing_a_Letter,1,1,1,1,1,1,1,1,1,1,0,1,1,1
Gabriël Metsu,https://en.wikipedia.org/wiki/Gabri%C3%ABl_Metsu,1,0,1,0,0,1,1,1,0,1,0,1,1,1
Woman Reading a Letter (Metsu),https://en.wikipedia.org/wiki/Woman_Reading_a_Letter_(Metsu),1,0,1,1,1,1,1,1,0,1,0,1,1,1
Summer Evening at Skagen. The Artist's Wife and Dog by the Shore,https://en.wikipedia.org/wiki/Summer_Evening_at_Skagen._The_Artist%27s_Wife_and_Dog_by_the_Shore,0,0,1,1,1,1,1,1,0,1,0,1,1,1
Daniel in the lions' den,https://en.wikipedia.org/wiki/Daniel_in_the_lions%27_den,0,0,0,1,1,1,1,0,0,1,0,1,1,1
Las Meninas,https://en.wikipedia.org/wiki/Las_Meninas,1,1,1,1,1,1,1,1,1,1,0,1,1,1
Vanitas,https://en.wikipedia.org/wiki/Vanitas,0,0,0,0,0,0,1,1,0,0,0,1,0,1
Antonio de Pereda,https://en.wikipedia.org/wiki/Antonio_de_Pereda,1,0,1,0,1,0,1,1,0,1,0,1,1,1
Roses (Krøyer),https://en.wikipedia.org/wiki/Roses_(Kr%C3%B8yer),0,0,1,0,1,0,1,1,1,1,0,1,1,1
"Portrait of a Young Woman (Botticelli, Frankfurt)","https://en.wikipedia.org/wiki/Portrait_of_a_Young_Woman_(Botticelli,_Frankfurt)",1,0,1,1,1,0,1,1,1,1,0,1,1,1
Valentin de Boulogne,https://en.wikipedia.org/wiki/Valentin_de_Boulogne,1,0,1,1,1,0,1,1,1,1,0,1,1,1
The Washington Family,https://en.wikipedia.org/wiki/The_Washington_Family,0,0,1,1,1,0,1,0,1,1,0,1,1,1
Edward Savage (artist),https://en.wikipedia.org/wiki/Edward_Savage_(artist),0,0,1,1,1,0,1,1,1,0,0,1,1,1
Mrs. Richard Brinsley Sheridan (painting),https://en.wikipedia.org/wiki/Mrs._Richard_Brinsley_Sheridan_(painting),1,0,1,1,1,0,1,1,1,0,0,1,1,1
Nighthawks (painting),https://en.wikipedia.org/wiki/Nighthawks_(painting),1,1,1,1,1,1,1,1,1,1,0,1,1,1
Edward Hopper,https://en.wikipedia.org/wiki/Edward_Hopper,1,1,1,1,1,1,1,1,1,1,0,1,1,1
Le Déjeuner sur l'herbe,https://en.wikipedia.org/wiki/Le_D%C3%A9jeuner_sur_l%27herbe,1,1,1,1,1,1,1,1,1,1,0,1,1,1
Portrait of Bindo Altoviti,https://en.wikipedia.org/wiki/Portrait_of_Bindo_Altoviti,1,1,1,1,1,1,1,1,1,1,0,1,1,1
Scene from A Midsummer Night's Dream,https://en.wikipedia.org/wiki/Scene_from_A_Midsummer_Night%27s_Dream,0,1,1,1,1,1,1,1,1,1,0,1,1,1
Edwin Landseer,https://en.wikipedia.org/wiki/Edwin_Landseer,1,0,1,1,0,1,1,1,0,1,0,1,1,1
The Death of Socrates,https://en.wikipedia.org/wiki/The_Death_of_Socrates,1,1,1,1,0,1,1,1,1,1,0,1,1,1
Skull of a Skeleton with Burning Cigarette,https://en.wikipedia.org/wiki/Skull_of_a_Skeleton_with_Burning_Cigarette,1,1,1,1,1,1,1,1,1,1,0,1,1,1
Almond Blossoms,https://en.wikipedia.org/wiki/Almond_Blossoms,1,1,1,1,1,1,1,1,1,1,0,1,1,1
Copies by Vincent van Gogh,https://en.wikipedia.org/wiki/Copies_by_Vincent_van_Gogh,1,1,1,1,1,1,1,1,1,1,0,1,1,1
God Speed (painting),https://en.wikipedia.org/wiki/God_Speed_(painting),1,1,1,1,1,1,1,1,1,1,0,1,1,1
City of Workers,https://en.wikipedia.org/wiki/City_of_Workers,1,1,1,1,1,1,1,1,1,1,0,1,1,1
Hans Baluschek,https://en.wikipedia.org/wiki/Hans_Baluschek,0,0,1,1,0,1,1,1,0,1,0,0,1,1
Woman with a Mirror,https://en.wikipedia.org/wiki/Woman_with_a_Mirror,1,0,1,1,0,1,1,1,0,1,0,0,1,1
Sunflowers (Van Gogh series),https://en.wikipedia.org/wiki/Sunflowers_(Van_Gogh_series),1,0,0,1,1,1,1,1,0,1,0,1,0,1
Berthe Morisot with a Bouquet of Violets,https://en.wikipedia.org/wiki/Berthe_Morisot_with_a_Bouquet_of_Violets,1,1,1,1,1,1,1,1,1,1,0,1,0,1
A Young Girl Reading,https://en.wikipedia.org/wiki/A_Young_Girl_Reading,1,1,1,1,1,1,1,1,1,1,0,1,0,1
The Cathedral (Katedrála),https://en.wikipedia.org/wiki/The_Cathedral_(Katedr%C3%A1la),0,1,1,1,1,1,1,1,1,1,0,1,0,1
František Kupka,https://en.wikipedia.org/wiki/Franti%C5%A1ek_Kupka,1,0,1,1,0,1,1,1,0,1,0,1,1,1
Charles I in Three Positions,https://en.wikipedia.org/wiki/Charles_I_in_Three_Positions,1,0,1,1,0,1,1,1,0,1,0,1,1,1
"Hip, Hip, Hurrah!","https://en.wikipedia.org/wiki/Hip,_Hip,_Hurrah!",1,0,1,0,1,1,1,1,1,1,0,1,1,1
User:Acabashi,https://en.wikipedia.org/wiki/User:Acabashi,0,0,1,0,1,1,1,1,1,1,0,1,1,1
Fairy tale,https://en.wikipedia.org/wiki/Fairy_tale,0,0,0,1,0,0,1,0,0,0,0,0,0,1
Mikalojus Konstantinas Čiurlionis,https://en.wikipedia.org/wiki/Mikalojus_Konstantinas_%C4%8Ciurlionis,1,0,1,1,0,0,1,1,0,1,0,1,1,1
Francisco de Miranda,https://en.wikipedia.org/wiki/Francisco_de_Miranda,1,0,1,1,0,0,1,1,1,1,0,1,0,1
Arturo Michelena,https://en.wikipedia.org/wiki/Arturo_Michelena,1,0,1,1,0,0,1,1,1,1,0,1,0,1
Springtime (painting),https://en.wikipedia.org/wiki/Springtime_(painting),1,0,1,1,0,0,1,1,1,1,0,1,0,1
The Art of Painting,https://en.wikipedia.org/wiki/The_Art_of_Painting,1,1,1,1,1,0,1,1,1,1,0,1,0,1
Anchises,https://en.wikipedia.org/wiki/Anchises,0,0,1,0,1,0,1,1,0,1,0,0,0,1
William Blake Richmond,https://en.wikipedia.org/wiki/William_Blake_Richmond,1,0,1,0,1,0,1,1,0,1,0,0,0,1
Mary Ellen Best,https://en.wikipedia.org/wiki/Mary_Ellen_Best,1,0,1,0,1,0,1,1,0,1,0,0,0,1
In the Conservatory,https://en.wikipedia.org/wiki/In_the_Conservatory,1,1,1,0,1,0,1,1,1,1,0,0,0,1
The Raising of Lazarus (Rembrandt),https://en.wikipedia.org/wiki/The_Raising_of_Lazarus_(Rembrandt),0,1,1,0,1,0,1,1,1,1,0,0,0,1
The Milkmaid (Vermeer),https://en.wikipedia.org/wiki/The_Milkmaid_(Vermeer),1,1,1,1,1,0,1,1,1,1,0,0,1,1
A Polish Nobleman,https://en.wikipedia.org/wiki/A_Polish_Nobleman,1,1,1,1,1,0,1,1,1,1,0,0,1,1
The Fall of Phaeton (Rubens),https://en.wikipedia.org/wiki/The_Fall_of_Phaeton_(Rubens),1,1,1,1,1,0,1,1,1,1,0,0,1,1
Homme au bain (painting),https://en.wikipedia.org/wiki/Homme_au_bain_(painting),1,1,1,1,1,0,1,1,1,1,0,0,1,1
Gustave Caillebotte,https://en.wikipedia.org/wiki/Gustave_Caillebotte,1,0,1,1,0,1,1,1,1,1,0,1,1,1
Coronation of the Virgin (Velázquez),https://en.wikipedia.org/wiki/Coronation_of_the_Virgin_(Vel%C3%A1zquez),1,0,1,1,0,1,1,1,1,1,0,1,1,1
Jeremiah Lamenting the Destruction of Jerusalem,https://en.wikipedia.org/wiki/Jeremiah_Lamenting_the_Destruction_of_Jerusalem,1,1,1,1,1,1,1,1,1,1,0,1,1,1
Streatham portrait,https://en.wikipedia.org/wiki/Streatham_portrait,1,1,0,1,1,1,1,1,1,1,0,1,1,1
Cliff Dwellers (painting),https://en.wikipedia.org/wiki/Cliff_Dwellers_(painting),0,1,0,1,1,1,1,1,1,1,0,1,1,1
The Seven Deadly Sins and the Four Last Things,https://en.wikipedia.org/wiki/The_Seven_Deadly_Sins_and_the_Four_Last_Things,1,1,1,1,1,1,1,1,1,1,0,1,1,1
The Last Day of Pompeii,https://en.wikipedia.org/wiki/The_Last_Day_of_Pompeii,1,0,1,1,1,1,1,1,1,1,0,1,1,1
Karl Bryullov,https://en.wikipedia.org/wiki/Karl_Bryullov,1,0,1,1,0,1,1,1,0,1,0,0,1,1
"The Rocky Mountains, Lander's Peak","https://en.wikipedia.org/wiki/The_Rocky_Mountains,_Lander%27s_Peak",1,0,1,1,0,1,1,1,0,1,0,0,1,1
Portrait of a Lady (van der Weyden),https://en.wikipedia.org/wiki/Portrait_of_a_Lady_(van_der_Weyden),0,1,1,1,1,1,1,0,0,1,0,0,0,1
The Railway,https://en.wikipedia.org/wiki/The_Railway,1,1,1,1,1,1,1,1,1,1,0,1,0,1
Irises (painting),https://en.wikipedia.org/wiki/Irises_(painting),1,1,1,1,1,1,1,1,1,1,0,1,1,1
Wheat Field with Cypresses,https://en.wikipedia.org/wiki/Wheat_Field_with_Cypresses,1,1,1,1,1,0,1,1,1,1,0,1,1,1
The Ninth Wave,https://en.wikipedia.org/wiki/The_Ninth_Wave,1,1,1,1,1,1,1,1,1,1,1,1,1,1
Ivan Aivazovsky,https://en.wikipedia.org/wiki/Ivan_Aivazovsky,1,0,1,1,1,1,1,1,1,1,1,1,1,1
Beata Beatrix,https://en.wikipedia.org/wiki/Beata_Beatrix,1,0,1,0,1,1,1,1,1,1,1,1,1,1
Bacchus and Ariadne,https://en.wikipedia.org/wiki/Bacchus_and_Ariadne,1,0,1,1,1,1,1,1,1,1,1,1,1,1
Wrestlers (Eakins),https://en.wikipedia.org/wiki/Wrestlers_(Eakins),1,0,1,1,1,1,1,1,1,1,1,1,1,1
Thomas Eakins,https://en.wikipedia.org/wiki/Thomas_Eakins,1,0,1,1,1,1,1,1,1,1,1,1,0,1
Sleeping Venus (Giorgione),https://en.wikipedia.org/wiki/Sleeping_Venus_(Giorgione),1,1,1,1,1,1,1,1,1,1,1,1,1,1
Whistlejacket,https://en.wikipedia.org/wiki/Whistlejacket,1,1,1,1,1,1,1,1,1,1,1,1,1,1
George Stubbs,https://en.wikipedia.org/wiki/George_Stubbs,1,0,1,1,1,1,1,1,0,1,1,1,1,1
Charles I with M. de St Antoine,https://en.wikipedia.org/wiki/Charles_I_with_M._de_St_Antoine,0,0,1,1,1,1,1,1,0,1,1,1,1,1
Sunset at Montmajour,https://en.wikipedia.org/wiki/Sunset_at_Montmajour,1,1,1,1,1,1,1,1,1,1,1,1,1,1
Portrait of Federico II Gonzaga,https://en.wikipedia.org/wiki/Portrait_of_Federico_II_Gonzaga,1,1,1,1,1,1,1,1,1,1,1,1,1,1
The Church at Auvers,https://en.wikipedia.org/wiki/The_Church_at_Auvers,1,1,1,1,1,1,1,1,1,1,1,1,1,1
Portrait of Sebastián de Morra,https://en.wikipedia.org/wiki/Portrait_of_Sebasti%C3%A1n_de_Morra,1,1,1,1,1,1,1,1,1,1,1,1,1,1
The Skater,https://en.wikipedia.org/wiki/The_Skater,1,1,1,1,1,1,1,1,1,1,1,1,1,1
Mrs. Fiske Warren (Gretchen Osgood) and Her Daughter Rachel,https://en.wikipedia.org/wiki/Mrs._Fiske_Warren_(Gretchen_Osgood)_and_Her_Daughter_Rachel,1,1,1,1,1,1,1,1,1,1,1,1,1,1
The Ruins of Holyrood Chapel,https://en.wikipedia.org/wiki/The_Ruins_of_Holyrood_Chapel,1,1,1,1,1,1,1,1,1,1,1,1,1,1
Louis Daguerre,https://en.wikipedia.org/wiki/Louis_Daguerre,1,0,1,1,0,0,1,1,1,1,1,1,1,1
The Pearl and the Wave,https://en.wikipedia.org/wiki/The_Pearl_and_the_Wave,1,0,1,1,0,0,1,1,1,1,1,1,1,1
Paul-Jacques-Aimé Baudry,https://en.wikipedia.org/wiki/Paul-Jacques-Aim%C3%A9_Baudry,1,0,1,1,0,0,1,1,0,1,1,1,1,1
Ophelia (painting),https://en.wikipedia.org/wiki/Ophelia_(painting),1,1,1,1,1,0,1,1,0,1,1,1,1,1
Portrait of Maria Anna,https://en.wikipedia.org/wiki/Portrait_of_Maria_Anna,1,1,1,1,1,0,1,1,0,1,1,1,1,1
Portrait of Madame X,https://en.wikipedia.org/wiki/Portrait_of_Madame_X,1,1,1,1,1,0,1,1,0,1,1,1,1,1
Gassed (painting),https://en.wikipedia.org/wiki/Gassed_(painting),1,1,1,0,1,0,1,1,0,1,1,1,1,1
The Spanish Wedding,https://en.wikipedia.org/wiki/The_Spanish_Wedding,1,1,1,1,1,0,1,1,0,1,1,1,1,1
Marià Fortuny,https://en.wikipedia.org/wiki/Mari%C3%A0_Fortuny,1,0,1,1,0,0,1,1,0,1,1,1,1,1
Young Hare,https://en.wikipedia.org/wiki/Young_Hare,1,1,1,1,1,0,1,1,0,1,1,1,1,1
Fantine (painting),https://en.wikipedia.org/wiki/Fantine_(painting),0,1,1,1,1,0,1,1,0,1,1,1,1,1
Margaret Bernadine Hall,https://en.wikipedia.org/wiki/Margaret_Bernadine_Hall,0,1,1,1,1,0,1,1,0,1,1,1,1,1
The Heart of the Andes,https://en.wikipedia.org/wiki/The_Heart_of_the_Andes,1,1,1,1,1,0,1,1,0,1,1,1,1,1
"A Storm in the Rocky Mountains, Mt. Rosalie","https://en.wikipedia.org/wiki/A_Storm_in_the_Rocky_Mountains,_Mt._Rosalie",1,1,1,1,1,0,1,1,0,1,1,1,1,1
Aurora Borealis (painting),https://en.wikipedia.org/wiki/Aurora_Borealis_(painting),1,1,1,1,1,0,1,1,0,1,1,1,1,1
Crucifixion and Last Judgement diptych,https://en.wikipedia.org/wiki/Crucifixion_and_Last_Judgement_diptych,0,1,1,1,1,0,1,1,0,1,1,1,1,1
User:Samsara,https://en.wikipedia.org/wiki/User:Samsara,0,1,1,1,1,0,1,1,0,1,1,1,1,1
The Emperor Napoleon in His Study at the Tuileries,https://en.wikipedia.org/wiki/The_Emperor_Napoleon_in_His_Study_at_the_Tuileries,1,1,1,1,1,0,1,1,1,1,1,1,1,1
The Tower of Babel (Bruegel),https://en.wikipedia.org/wiki/The_Tower_of_Babel_(Bruegel),1,1,1,1,1,0,1,1,1,1,1,1,1,1
Olympia (Manet),https://en.wikipedia.org/wiki/Olympia_(Manet),1,0,1,1,1,1,1,1,0,1,1,1,1,1
The Jewish Bride,https://en.wikipedia.org/wiki/The_Jewish_Bride,1,1,1,1,1,1,1,1,1,1,1,1,0,1
The Execution of Lady Jane Grey,https://en.wikipedia.org/wiki/The_Execution_of_Lady_Jane_Grey,1,1,1,1,1,1,1,1,1,1,1,1,0,1
Reply of the Zaporozhian Cossacks,https://en.wikipedia.org/wiki/Reply_of_the_Zaporozhian_Cossacks,1,1,1,1,1,1,1,1,1,1,1,1,0,1
Les raboteurs de parquet,https://en.wikipedia.org/wiki/Les_raboteurs_de_parquet,1,0,1,1,1,1,1,1,1,1,1,1,0,1
Michael Ancher,https://en.wikipedia.org/wiki/Michael_Ancher,0,0,1,1,1,0,1,1,1,1,1,1,0,1
St. Francis in Ecstasy (Bellini),https://en.wikipedia.org/wiki/St._Francis_in_Ecstasy_(Bellini),1,0,1,1,1,0,1,1,1,1,1,1,0,1
Equestrian Portrait of the Count-Duke of Olivares,https://en.wikipedia.org/wiki/Equestrian_Portrait_of_the_Count-Duke_of_Olivares,1,0,1,1,1,0,1,1,1,1,1,1,0,1
The Second of May 1808,https://en.wikipedia.org/wiki/The_Second_of_May_1808,1,0,1,1,1,0,1,1,1,1,0,1,0,1
Fight with Cudgels,https://en.wikipedia.org/wiki/Fight_with_Cudgels,1,0,1,0,1,0,1,1,1,1,0,1,0,1
American Gothic,https://en.wikipedia.org/wiki/American_Gothic,1,1,1,1,1,1,1,1,0,1,0,1,1,1
Grant Wood,https://en.wikipedia.org/wiki/Grant_Wood,1,0,1,1,1,0,1,1,1,1,0,1,0,1
Christ Crucified (Velázquez),https://en.wikipedia.org/wiki/Christ_Crucified_(Vel%C3%A1zquez),1,1,1,1,1,0,1,1,1,1,0,1,0,1
The Third of May 1808,https://en.wikipedia.org/wiki/The_Third_of_May_1808,1,1,1,1,1,0,1,1,1,1,0,1,1,1
User:Papa Lima Whiskey 2 (page does not exist),https://en.wikipedia.org/w/index.php?title=User:Papa_Lima_Whiskey_2&action=edit&redlink=1,0,1,1,1,1,0,1,1,1,1,0,1,1,1
Rokeby Venus,https://en.wikipedia.org/wiki/Rokeby_Venus,0,1,1,1,1,0,1,1,1,1,0,1,1,1
The Princess from the Land of Porcelain,https://en.wikipedia.org/wiki/The_Princess_from_the_Land_of_Porcelain,1,1,1,1,1,0,1,1,1,1,0,1,1,1
James Abbott McNeill Whistler,https://en.wikipedia.org/wiki/James_Abbott_McNeill_Whistler,1,0,1,1,1,1,1,1,1,1,0,1,1,1
The Dog (Goya),https://en.wikipedia.org/wiki/The_Dog_(Goya),1,1,1,1,1,1,1,1,1,1,0,1,1,1
Saturn Devouring His Son,https://en.wikipedia.org/wiki/Saturn_Devouring_His_Son,1,1,1,1,1,1,1,1,1,1,0,1,1,1
Nocturne in Black and Gold – The Falling Rocket,https://en.wikipedia.org/wiki/Nocturne_in_Black_and_Gold_%E2%80%93_The_Falling_Rocket,1,1,1,1,1,1,1,1,1,1,0,1,1,1
Whistler's Mother,https://en.wikipedia.org/wiki/Whistler%27s_Mother,1,1,1,1,1,1,1,1,1,1,0,1,1,1
Portrait of a Young Girl (Christus),https://en.wikipedia.org/wiki/Portrait_of_a_Young_Girl_(Christus),0,1,1,0,1,1,1,0,1,1,0,1,0,1
La Maja desnuda,https://en.wikipedia.org/wiki/La_Maja_desnuda,0,1,1,1,1,1,1,1,1,1,0,1,1,1
La maja vestida,https://en.wikipedia.org/wiki/La_maja_vestida,1,1,1,1,1,1,1,1,1,1,0,1,1,1
Ginevra de' Benci,https://en.wikipedia.org/wiki/Ginevra_de%27_Benci,1,1,1,1,1,1,1,1,1,1,0,1,1,1
Lady with an Ermine,https://en.wikipedia.org/wiki/Lady_with_an_Ermine,1,1,1,1,1,1,1,1,1,1,0,1,1,1
Portrait of Sir Thomas More (Holbein),https://en.wikipedia.org/wiki/Portrait_of_Sir_Thomas_More_(Holbein),1,1,1,1,1,1,1,1,1,1,0,1,1,1
Mona Lisa,https://en.wikipedia.org/wiki/Mona_Lisa,1,1,1,1,1,1,1,1,1,1,0,1,1,0
Kartikeya,https://en.wikipedia.org/wiki/Kartikeya,1,0,1,0,0,1,1,1,0,1,1,1,1,0
Raja Ravi Varma,https://en.wikipedia.org/wiki/Raja_Ravi_Varma,1,0,1,1,0,1,1,1,0,1,1,1,1,1
Portrait of Baldassare Castiglione,https://en.wikipedia.org/wiki/Portrait_of_Baldassare_Castiglione,1,0,1,1,1,1,1,1,0,1,1,1,1,1
The Starry Night,https://en.wikipedia.org/wiki/The_Starry_Night,1,1,1,1,1,1,1,1,1,1,1,1,1,0
Self-Portrait with Beret and Turned-Up Collar,https://en.wikipedia.org/wiki/Self-Portrait_with_Beret_and_Turned-Up_Collar,1,1,1,1,1,1,1,1,1,1,1,1,1,0
Wanderer above the Sea of Fog,https://en.wikipedia.org/wiki/Wanderer_above_the_Sea_of_Fog,1,1,1,1,1,1,1,1,1,1,1,1,1,0
Netherlandish Proverbs,https://en.wikipedia.org/wiki/Netherlandish_Proverbs,1,1,1,1,1,1,1,1,1,1,1,1,1,0
Liberty Leading the People,https://en.wikipedia.org/wiki/Liberty_Leading_the_People,1,1,1,1,0,1,0,1,1,1,1,1,1,0
Eugène Delacroix,https://en.wikipedia.org/wiki/Eug%C3%A8ne_Delacroix,1,0,1,1,1,1,1,1,1,1,1,1,1,1
The Ugly Duchess,https://en.wikipedia.org/wiki/The_Ugly_Duchess,0,0,1,1,1,1,1,1,1,1,1,1,1,1
Quentin Matsys,https://en.wikipedia.org/wiki/Quentin_Matsys,1,0,1,0,1,1,1,1,0,1,1,1,1,1
Arnolfini Portrait,https://en.wikipedia.org/wiki/Arnolfini_Portrait,1,1,1,1,1,1,1,1,0,1,1,1,1,1
The Ambassadors (Holbein),https://en.wikipedia.org/wiki/The_Ambassadors_(Holbein),1,1,1,1,1,1,1,1,1,1,1,1,1,1
The Last Cartridges (painting),https://en.wikipedia.org/wiki/The_Last_Cartridges_(painting),1,1,1,1,1,1,1,1,1,1,1,1,1,1
Alphonse de Neuville,https://en.wikipedia.org/wiki/Alphonse_de_Neuville,0,0,1,1,1,1,1,1,0,1,1,1,1,1
User:Adam Cuerden,https://en.wikipedia.org/wiki/User:Adam_Cuerden,0,0,1,1,1,1,1,1,0,1,1,1,1,1
Figure painting,https://en.wikipedia.org/wiki/Figure_painting,0,0,1,1,1,1,1,1,0,1,1,1,1,1
L. A. Ring,https://en.wikipedia.org/wiki/L._A._Ring,1,0,1,1,1,1,1,1,1,1,1,1,1,1
"Basilica of St. Paulinus, Trier","https://en.wikipedia.org/wiki/Basilica_of_St._Paulinus,_Trier",1,0,0,1,1,1,1,1,1,1,1,1,0,1
Christoph Thomas Scheffler,https://en.wikipedia.org/wiki/Christoph_Thomas_Scheffler,0,0,1,1,0,1,1,1,1,1,1,1,0,1
The Garden of Earthly Delights,https://en.wikipedia.org/wiki/The_Garden_of_Earthly_Delights,0,0,1,1,1,1,1,1,1,1,1,1,0,0
The Coronation of Napoleon,https://en.wikipedia.org/wiki/The_Coronation_of_Napoleon,1,1,1,1,1,1,1,1,1,1,1,1,1,0
Cherokee Trail,https://en.wikipedia.org/wiki/Cherokee_Trail,0,1,1,1,1,1,1,1,1,1,1,1,1,0
Queenston,https://en.wikipedia.org/wiki/Queenston,1,1,1,1,1,1,1,1,1,1,1,1,1,0
William Berryman,https://en.wikipedia.org/wiki/William_Berryman,0,1,1,0,1,1,1,1,1,1,1,1,1,0
User:Durova,https://en.wikipedia.org/wiki/User:Durova,0,1,1,0,1,1,1,1,1,1,1,1,1,0
Marriage Portrait of Isaac Massa and Beatrix van der Laen,https://en.wikipedia.org/wiki/Marriage_Portrait_of_Isaac_Massa_and_Beatrix_van_der_Laen,1,1,1,1,1,1,1,1,1,1,1,1,1,0
Cobbe portrait,https://en.wikipedia.org/wiki/Cobbe_portrait,0,0,0,0,1,1,1,1,1,1,1,1,1,0
Meagre Company,https://en.wikipedia.org/wiki/Meagre_Company,0,0,0,1,1,1,1,1,1,1,1,1,1,0
Dutch Golden Age painting,https://en.wikipedia.org/wiki/Dutch_Golden_Age_painting,0,0,0,0,0,1,1,0,1,0,1,0,0,0
Bartholomeus van der Helst,https://en.wikipedia.org/wiki/Bartholomeus_van_der_Helst,1,0,1,1,1,1,1,0,0,1,1,0,0,0
The Night Watch,https://en.wikipedia.org/wiki/The_Night_Watch,1,1,1,1,1,1,1,1,1,1,1,1,1,1
Innocence,https://en.wikipedia.org/wiki/Innocence,0,0,0,0,1,1,1,1,1,0,1,1,1,1
Watson and the Shark,https://en.wikipedia.org/wiki/Watson_and_the_Shark,0,1,1,0,1,1,1,1,1,1,1,1,1,1
John Singleton Copley,https://en.wikipedia.org/wiki/John_Singleton_Copley,1,0,1,0,1,1,1,1,0,1,1,1,0,1
Declaration of Independence (Trumbull),https://en.wikipedia.org/wiki/Declaration_of_Independence_(Trumbull),1,1,1,1,1,1,1,1,0,1,1,1,0,1
Fresco,https://en.wikipedia.org/wiki/Fresco,0,0,0,0,0,0,1,0,0,0,1,0,0,1
Candido Portinari,https://en.wikipedia.org/wiki/Candido_Portinari,1,0,1,1,0,0,1,0,1,1,1,0,1,1
The Anatomy Lesson of Dr. Nicolaes Tulp,https://en.wikipedia.org/wiki/The_Anatomy_Lesson_of_Dr._Nicolaes_Tulp,1,1,1,1,1,0,1,1,1,1,1,1,1,1
Girl with a Pearl Earring,https://en.wikipedia.org/wiki/Girl_with_a_Pearl_Earring,1,1,1,1,1,0,1,1,1,1,0,1,1,1
Sadko,https://en.wikipedia.org/wiki/Sadko,0,0,0,0,0,0,1,0,1,1,0,0,1,1
Chandos portrait,https://en.wikipedia.org/wiki/Chandos_portrait,1,0,1,1,0,0,1,0,1,0,0,0,1,1
John Taylor (painter),https://en.wikipedia.org/wiki/John_Taylor_(painter),0,0,1,1,0,0,1,0,1,0,0,0,1,1
Johann Michael Rottmayr,https://en.wikipedia.org/wiki/Johann_Michael_Rottmayr,1,0,1,0,1,0,1,0,1,1,0,0,1,1
User:Afernand74,https://en.wikipedia.org/wiki/User:Afernand74,0,0,1,0,1,0,1,0,1,1,0,0,1,1
The School of Athens,https://en.wikipedia.org/wiki/The_School_of_Athens,1,1,1,1,1,0,1,1,1,1,0,1,1,1
Jerome Horsey,https://en.wikipedia.org/wiki/Jerome_Horsey,0,1,1,1,1,0,1,1,1,1,0,1,1,1
Alexander Litovchenko,https://en.wikipedia.org/wiki/Alexander_Litovchenko,1,0,1,1,1,0,1,1,1,1,0,1,0,1
Ivan Shishkin,https://en.wikipedia.org/wiki/Ivan_Shishkin,1,0,1,1,0,1,1,1,0,1,0,1,1,1
Maslenitsa,https://en.wikipedia.org/wiki/Maslenitsa,1,0,0,0,0,1,1,0,0,1,0,1,1,1
Jews Praying in the Synagogue on Yom Kippur,https://en.wikipedia.org/wiki/Jews_Praying_in_the_Synagogue_on_Yom_Kippur,1,0,1,0,0,1,1,1,0,1,0,1,1,1
Maurycy Gottlieb,https://en.wikipedia.org/wiki/Maurycy_Gottlieb,1,0,1,1,0,1,1,1,0,1,0,1,1,1
Magic carpet,https://en.wikipedia.org/wiki/Magic_carpet,1,0,0,0,0,0,1,0,0,1,0,0,0,1
Viktor Vasnetsov,https://en.wikipedia.org/wiki/Viktor_Vasnetsov,1,0,1,1,0,0,1,1,0,1,0,1,1,1
Hell,https://en.wikipedia.org/wiki/Hell,0,0,0,0,0,0,1,0,0,0,0,0,0,0
Cueva de las Manos,https://en.wikipedia.org/wiki/Cueva_de_las_Manos,1,0,1,1,1,1,1,1,1,1,0,1,1,0
User:Marianocecowski,https://en.wikipedia.org/wiki/User:Marianocecowski,0,0,1,0,1,1,1,1,1,1,0,1,1,0
Charlotte Corday,https://en.wikipedia.org/wiki/Charlotte_Corday,1,0,1,1,1,0,1,1,0,1,0,1,1,0
